istaigos_kodas;gydytojo_ID;laisvos_registracijos_data;iraso_sukurimo_data
124245660;8650;2026-10-05 15:50;2026-09-25 03:07
124245660;8650;2026-10-06 10:30;2026-09-25 03:07
124245660;8650;2026-10-07 15:20;2026-09-25 03:07
124245660;8650;2026-10-08 09:45;2026-09-25 03:07
124245660;8650;2026-10-09 17:35;2026-09-25 03:07
124245660;8650;2026-10-12 10:30;2026-09-25 03:07
124245660;8650;2026-10-14 09:45;2026-09-25 03:07
124245660;8650;2026-10-15 15:50;2026-09-25 03:07
124245660;8650;2026-10-16 10:30;2026-09-25 03:07
124245660;8650;2026-10-19 15:50;2026-09-25 03:07
124245660;8650;2026-10-20 07:30;2026-09-25 03:07
124245660;8650;2026-10-20 07:45;2026-09-25 03:07
124245660;8650;2026-10-20 10:30;2026-09-25 03:07
124245660;8650;2026-10-21 15:20;2026-09-25 03:07
124245660;8650;2026-10-21 15:45;2026-09-25 03:07
124245660;8650;2026-10-21 16:00;2026-09-25 03:07
124245660;8650;2026-10-21 16:15;2026-09-25 03:07
124245660;8650;2026-10-21 17:25;2026-09-25 03:07
124245660;8650;2026-10-21 17:40;2026-09-25 03:07
124245660;8650;2026-10-21 17:55;2026-09-25 03:07
124245660;8650;2026-10-21 18:10;2026-09-25 03:07
124245660;8650;2026-10-21 18:35;2026-09-25 03:07
124245660;8650;2026-10-21 18:50;2026-09-25 03:07
124245660;8650;2026-10-21 19:15;2026-09-25 03:07
124245660;8650;2026-10-21 19:30;2026-09-25 03:07
124245660;8650;2026-10-22 07:15;2026-09-25 03:07
124245660;8650;2026-10-22 07:40;2026-09-25 03:07
124245660;8650;2026-10-22 07:55;2026-09-25 03:07
124245660;8650;2026-10-22 08:20;2026-09-25 03:07
124245660;8650;2026-10-22 09:00;2026-09-25 03:07
124245660;8650;2026-10-22 09:15;2026-09-25 03:07
124245660;8650;2026-10-22 09:45;2026-09-25 03:07
124245660;8650;2026-10-22 10:45;2026-09-25 03:07
124245660;8650;2026-10-22 11:00;2026-09-25 03:07
124245660;8650;2026-10-22 11:15;2026-09-25 03:07
124245660;8650;2026-10-22 11:40;2026-09-25 03:07
124245660;8650;2026-10-22 11:55;2026-09-25 03:07
124245660;8650;2026-10-22 12:20;2026-09-25 03:07
124245660;8650;2026-10-22 12:35;2026-09-25 03:07
124245660;8650;2026-10-23 14:40;2026-09-25 03:07
124245660;8650;2026-10-23 15:20;2026-09-25 03:07
124245660;8650;2026-10-23 15:45;2026-09-25 03:07
124245660;8650;2026-10-23 16:15;2026-09-25 03:07
124245660;8650;2026-10-23 17:35;2026-09-25 03:07
124245660;8650;2026-10-23 17:50;2026-09-25 03:07
124245660;8650;2026-10-23 18:15;2026-09-25 03:07
124245660;8650;2026-10-23 18:30;2026-09-25 03:07
124245660;8650;2026-10-23 18:45;2026-09-25 03:07
124245660;8650;2026-10-23 19:00;2026-09-25 03:07
124245660;8650;2026-10-23 19:15;2026-09-25 03:07
124245660;8650;2026-10-23 19:30;2026-09-25 03:07
124245660;36907;2026-09-29 14:50;2026-09-25 03:07
124245660;36907;2026-09-30 09:45;2026-09-25 03:07
124245660;36907;2026-10-01 14:45;2026-09-25 03:07
124245660;36907;2026-10-02 10:30;2026-09-25 03:07
124245660;36907;2026-10-05 13:55;2026-09-25 03:07
124245660;36907;2026-10-05 14:35;2026-09-25 03:07
124245660;36907;2026-10-05 14:50;2026-09-25 03:07
124245660;36907;2026-10-05 16:30;2026-09-25 03:07
124245660;36907;2026-10-05 17:10;2026-09-25 03:07
124245660;36907;2026-10-05 17:25;2026-09-25 03:07
124245660;36907;2026-10-05 18:05;2026-09-25 03:07
124245660;36907;2026-10-05 18:20;2026-09-25 03:07
124245660;36907;2026-10-05 19:00;2026-09-25 03:07
124245660;36907;2026-10-05 19:15;2026-09-25 03:07
124245660;36907;2026-10-05 19:30;2026-09-25 03:07
124245660;36907;2026-10-06 07:15;2026-09-25 03:07
124245660;36907;2026-10-06 07:30;2026-09-25 03:07
124245660;36907;2026-10-06 07:45;2026-09-25 03:07
124245660;36907;2026-10-06 08:00;2026-09-25 03:07
124245660;36907;2026-10-06 08:25;2026-09-25 03:07
124245660;36907;2026-10-06 09:05;2026-09-25 03:07
124245660;36907;2026-10-06 09:35;2026-09-25 03:07
124245660;36907;2026-10-06 10:30;2026-09-25 03:07
124245660;36907;2026-10-06 10:45;2026-09-25 03:07
124245660;36907;2026-10-06 11:15;2026-09-25 03:07
124245660;36907;2026-10-06 11:40;2026-09-25 03:07
124245660;36907;2026-10-06 11:55;2026-09-25 03:07
124245660;36907;2026-10-06 12:25;2026-09-25 03:07
124245660;36907;2026-10-07 14:25;2026-09-25 03:07
124245660;36907;2026-10-07 14:50;2026-09-25 03:07
124245660;36907;2026-10-07 15:15;2026-09-25 03:07
124245660;36907;2026-10-07 16:00;2026-09-25 03:07
124245660;36907;2026-10-07 16:15;2026-09-25 03:07
124245660;36907;2026-10-07 16:55;2026-09-25 03:07
124245660;36907;2026-10-07 17:10;2026-09-25 03:07
124245660;36907;2026-10-07 17:25;2026-09-25 03:07
124245660;36907;2026-10-07 17:40;2026-09-25 03:07
124245660;36907;2026-10-07 18:05;2026-09-25 03:07
124245660;36907;2026-10-07 18:20;2026-09-25 03:07
124245660;36907;2026-10-07 18:45;2026-09-25 03:07
124245660;36907;2026-10-07 19:00;2026-09-25 03:07
124245660;36907;2026-10-07 19:15;2026-09-25 03:07
124245660;36907;2026-10-07 19:30;2026-09-25 03:07
124245660;36907;2026-10-08 07:15;2026-09-25 03:07
124245660;36907;2026-10-08 07:40;2026-09-25 03:07
124245660;36907;2026-10-08 07:55;2026-09-25 03:07
124245660;36907;2026-10-08 08:20;2026-09-25 03:07
124245660;36907;2026-10-08 09:00;2026-09-25 03:07
124245660;36907;2026-10-08 09:15;2026-09-25 03:07
124245660;36907;2026-10-08 09:30;2026-09-25 03:07
124245660;36907;2026-10-08 09:45;2026-09-25 03:07
124245660;36907;2026-10-08 10:45;2026-09-25 03:07
124245660;36907;2026-10-08 11:00;2026-09-25 03:07
124245660;36907;2026-10-08 11:15;2026-09-25 03:07
124245660;36907;2026-10-08 11:40;2026-09-25 03:07
124245660;36907;2026-10-08 11:55;2026-09-25 03:07
124245660;36907;2026-10-08 12:20;2026-09-25 03:07
124245660;36907;2026-10-08 12:35;2026-09-25 03:07
124245660;36907;2026-10-08 12:50;2026-09-25 03:07
124245660;36907;2026-10-08 13:05;2026-09-25 03:07
124245660;36907;2026-10-09 14:20;2026-09-25 03:07
124245660;36907;2026-10-09 14:45;2026-09-25 03:07
124245660;36907;2026-10-09 15:15;2026-09-25 03:07
124245660;36907;2026-10-09 16:35;2026-09-25 03:07
124245660;36907;2026-10-09 17:45;2026-09-25 03:07
124245660;36907;2026-10-09 19:05;2026-09-25 03:07
124245660;36907;2026-10-09 19:20;2026-09-25 03:07
124245660;36907;2026-10-12 07:30;2026-09-25 03:07
124245660;36907;2026-10-12 07:45;2026-09-25 03:07
124245660;36907;2026-10-12 08:25;2026-09-25 03:07
124245660;36907;2026-10-12 09:05;2026-09-25 03:07
124245660;36907;2026-10-12 09:45;2026-09-25 03:07
124245660;36907;2026-10-12 10:30;2026-09-25 03:07
124245660;36907;2026-10-12 10:45;2026-09-25 03:07
124245660;36907;2026-10-12 11:15;2026-09-25 03:07
124245660;36907;2026-10-12 11:55;2026-09-25 03:07
124245660;36907;2026-10-12 12:10;2026-09-25 03:07
124245660;36907;2026-10-12 12:25;2026-09-25 03:07
124245660;36907;2026-10-12 12:40;2026-09-25 03:07
124245660;36907;2026-10-12 12:55;2026-09-25 03:07
124245660;36907;2026-10-13 14:25;2026-09-25 03:07
124245660;36907;2026-10-13 14:50;2026-09-25 03:07
124245660;36907;2026-10-13 15:05;2026-09-25 03:07
124245660;36907;2026-10-13 16:00;2026-09-25 03:07
124245660;36907;2026-10-13 16:30;2026-09-25 03:07
124245660;36907;2026-10-13 16:55;2026-09-25 03:07
124245660;36907;2026-10-13 17:25;2026-09-25 03:07
124245660;36907;2026-10-13 17:40;2026-09-25 03:07
124245660;36907;2026-10-13 18:05;2026-09-25 03:07
124245660;36907;2026-10-13 18:20;2026-09-25 03:07
124245660;36907;2026-10-13 18:45;2026-09-25 03:07
124245660;36907;2026-10-13 19:00;2026-09-25 03:07
124245660;36907;2026-10-13 19:15;2026-09-25 03:07
124245660;36907;2026-10-13 19:30;2026-09-25 03:07
124245660;36907;2026-10-14 07:15;2026-09-25 03:07
124245660;36907;2026-10-14 07:30;2026-09-25 03:07
124245660;36907;2026-10-14 07:45;2026-09-25 03:07
124245660;36907;2026-10-14 08:00;2026-09-25 03:07
124245660;36907;2026-10-14 08:25;2026-09-25 03:07
124245660;36907;2026-10-14 09:05;2026-09-25 03:07
124245660;36907;2026-10-14 09:20;2026-09-25 03:07
124245660;36907;2026-10-14 09:45;2026-09-25 03:07
124245660;36907;2026-10-14 11:00;2026-09-25 03:07
124245660;36907;2026-10-14 11:15;2026-09-25 03:07
124245660;36907;2026-10-14 11:40;2026-09-25 03:07
124245660;36907;2026-10-14 11:55;2026-09-25 03:07
124245660;36907;2026-10-14 12:20;2026-09-25 03:07
124245660;36907;2026-10-14 12:35;2026-09-25 03:07
124245660;36907;2026-10-15 13:40;2026-09-25 03:07
124245660;36907;2026-10-15 14:45;2026-09-25 03:07
124245660;36907;2026-10-15 16:00;2026-09-25 03:07
124245660;36907;2026-10-15 16:15;2026-09-25 03:07
124245660;36907;2026-10-15 16:55;2026-09-25 03:07
124245660;36907;2026-10-15 17:10;2026-09-25 03:07
124245660;36907;2026-10-15 17:25;2026-09-25 03:07
124245660;36907;2026-10-15 17:40;2026-09-25 03:07
124245660;36907;2026-10-15 18:05;2026-09-25 03:07
124245660;36907;2026-10-15 18:20;2026-09-25 03:07
124245660;36907;2026-10-15 18:45;2026-09-25 03:07
124245660;36907;2026-10-15 19:00;2026-09-25 03:07
124245660;36907;2026-10-15 19:15;2026-09-25 03:07
124245660;36907;2026-10-15 19:30;2026-09-25 03:07
124245660;36907;2026-10-16 07:30;2026-09-25 03:07
124245660;36907;2026-10-16 07:45;2026-09-25 03:07
124245660;36907;2026-10-16 08:00;2026-09-25 03:07
124245660;36907;2026-10-16 08:25;2026-09-25 03:07
124245660;36907;2026-10-16 08:55;2026-09-25 03:07
124245660;36907;2026-10-16 09:35;2026-09-25 03:07
124245660;36907;2026-10-16 10:30;2026-09-25 03:07
124245660;36907;2026-10-16 11:05;2026-09-25 03:07
124245660;36907;2026-10-16 11:35;2026-09-25 03:07
124245660;36907;2026-10-16 11:50;2026-09-25 03:07
124245660;36907;2026-10-16 12:15;2026-09-25 03:07
124245660;36907;2026-10-16 12:40;2026-09-25 03:07
124245660;36907;2026-10-16 12:55;2026-09-25 03:07
124245660;36907;2026-10-19 13:40;2026-09-25 03:07
124245660;36907;2026-10-19 13:55;2026-09-25 03:07
124245660;36907;2026-10-19 14:35;2026-09-25 03:07
124245660;36907;2026-10-19 14:50;2026-09-25 03:07
124245660;36907;2026-10-19 16:00;2026-09-25 03:07
124245660;36907;2026-10-19 16:30;2026-09-25 03:07
124245660;36907;2026-10-19 17:25;2026-09-25 03:07
124245660;36907;2026-10-19 18:20;2026-09-25 03:07
124245660;36907;2026-10-19 18:45;2026-09-25 03:07
124245660;36907;2026-10-19 19:00;2026-09-25 03:07
124245660;36907;2026-10-19 19:15;2026-09-25 03:07
124245660;36907;2026-10-19 19:30;2026-09-25 03:07
124245660;36907;2026-10-20 07:40;2026-09-25 03:07
124245660;36907;2026-10-20 07:55;2026-09-25 03:07
124245660;36907;2026-10-20 08:40;2026-09-25 03:07
124245660;36907;2026-10-20 09:45;2026-09-25 03:07
124245660;36907;2026-10-20 10:30;2026-09-25 03:07
124245660;36907;2026-10-20 11:30;2026-09-25 03:07
124245660;36907;2026-10-20 12:40;2026-09-25 03:07
124245660;36907;2026-10-21 14:25;2026-09-25 03:07
124245660;36907;2026-10-21 14:50;2026-09-25 03:07
124245660;36907;2026-10-21 15:15;2026-09-25 03:07
124245660;36907;2026-10-21 16:00;2026-09-25 03:07
124245660;36907;2026-10-21 16:15;2026-09-25 03:07
124245660;36907;2026-10-21 16:55;2026-09-25 03:07
124245660;36907;2026-10-21 17:10;2026-09-25 03:07
124245660;36907;2026-10-21 17:25;2026-09-25 03:07
124245660;36907;2026-10-21 17:40;2026-09-25 03:07
124245660;36907;2026-10-21 18:05;2026-09-25 03:07
124245660;36907;2026-10-21 18:20;2026-09-25 03:07
124245660;36907;2026-10-21 18:45;2026-09-25 03:07
124245660;36907;2026-10-21 19:00;2026-09-25 03:07
124245660;36907;2026-10-21 19:15;2026-09-25 03:07
124245660;36907;2026-10-21 19:30;2026-09-25 03:07
124245660;36907;2026-10-22 07:15;2026-09-25 03:07
124245660;36907;2026-10-22 07:40;2026-09-25 03:07
124245660;36907;2026-10-22 07:55;2026-09-25 03:07
124245660;36907;2026-10-22 08:20;2026-09-25 03:07
124245660;36907;2026-10-22 09:00;2026-09-25 03:07
124245660;36907;2026-10-22 09:15;2026-09-25 03:07
124245660;36907;2026-10-22 09:30;2026-09-25 03:07
124245660;36907;2026-10-22 09:45;2026-09-25 03:07
124245660;36907;2026-10-22 10:45;2026-09-25 03:07
124245660;36907;2026-10-22 11:00;2026-09-25 03:07
124245660;36907;2026-10-22 11:15;2026-09-25 03:07
124245660;36907;2026-10-22 11:40;2026-09-25 03:07
124245660;36907;2026-10-22 11:55;2026-09-25 03:07
124245660;36907;2026-10-22 12:20;2026-09-25 03:07
124245660;36907;2026-10-22 12:35;2026-09-25 03:07
124245660;36907;2026-10-22 12:50;2026-09-25 03:07
124245660;36907;2026-10-22 13:05;2026-09-25 03:07
124245660;36907;2026-10-23 13:40;2026-09-25 03:07
124245660;36907;2026-10-23 14:20;2026-09-25 03:07
124245660;36907;2026-10-23 14:45;2026-09-25 03:07
124245660;36907;2026-10-23 15:15;2026-09-25 03:07
124245660;36907;2026-10-23 16:35;2026-09-25 03:07
124245660;36907;2026-10-23 16:50;2026-09-25 03:07
124245660;36907;2026-10-23 17:15;2026-09-25 03:07
124245660;36907;2026-10-23 17:30;2026-09-25 03:07
124245660;36907;2026-10-23 17:45;2026-09-25 03:07
124245660;36907;2026-10-23 18:00;2026-09-25 03:07
124245660;36907;2026-10-23 18:15;2026-09-25 03:07
124245660;36907;2026-10-23 18:40;2026-09-25 03:07
124245660;36907;2026-10-23 19:05;2026-09-25 03:07
124245660;36907;2026-10-23 19:20;2026-09-25 03:07
124245660;36758;2026-09-29 14:50;2026-09-25 03:07
124245660;36758;2026-09-30 09:45;2026-09-25 03:07
124245660;36758;2026-10-01 14:45;2026-09-25 03:07
124245660;36758;2026-10-02 10:30;2026-09-25 03:07
124245660;36758;2026-10-05 14:50;2026-09-25 03:07
124245660;36758;2026-10-06 10:30;2026-09-25 03:07
124245660;36758;2026-10-07 14:50;2026-09-25 03:07
124245660;36758;2026-10-08 09:45;2026-09-25 03:07
124245660;36758;2026-10-09 16:35;2026-09-25 03:07
124245660;36758;2026-10-12 10:30;2026-09-25 03:07
124245660;36758;2026-10-13 14:50;2026-09-25 03:07
124245660;36758;2026-10-14 07:15;2026-09-25 03:07
124245660;36758;2026-10-14 07:30;2026-09-25 03:07
124245660;36758;2026-10-14 07:45;2026-09-25 03:07
124245660;36758;2026-10-14 09:45;2026-09-25 03:07
124245660;36758;2026-10-14 11:55;2026-09-25 03:07
124245660;36758;2026-10-14 12:20;2026-09-25 03:07
124245660;36758;2026-10-14 12:35;2026-09-25 03:07
124245660;36758;2026-10-15 14:45;2026-09-25 03:07
124245660;36758;2026-10-15 16:15;2026-09-25 03:07
124245660;36758;2026-10-15 16:55;2026-09-25 03:07
124245660;36758;2026-10-15 17:10;2026-09-25 03:07
124245660;36758;2026-10-15 17:40;2026-09-25 03:07
124245660;36758;2026-10-15 18:20;2026-09-25 03:07
124245660;36758;2026-10-15 18:45;2026-09-25 03:07
124245660;36758;2026-10-15 19:15;2026-09-25 03:07
124245660;36758;2026-10-15 19:30;2026-09-25 03:07
124245660;36758;2026-10-16 07:15;2026-09-25 03:07
124245660;36758;2026-10-16 07:30;2026-09-25 03:07
124245660;36758;2026-10-16 07:45;2026-09-25 03:07
124245660;36758;2026-10-16 08:00;2026-09-25 03:07
124245660;36758;2026-10-16 08:25;2026-09-25 03:07
124245660;36758;2026-10-16 08:55;2026-09-25 03:07
124245660;36758;2026-10-16 09:35;2026-09-25 03:07
124245660;36758;2026-10-16 10:30;2026-09-25 03:07
124245660;36758;2026-10-16 11:35;2026-09-25 03:07
124245660;36758;2026-10-16 11:50;2026-09-25 03:07
124245660;36758;2026-10-16 12:15;2026-09-25 03:07
124245660;36758;2026-10-16 12:40;2026-09-25 03:07
124245660;36758;2026-10-19 13:40;2026-09-25 03:07
124245660;36758;2026-10-19 13:55;2026-09-25 03:07
124245660;36758;2026-10-19 14:35;2026-09-25 03:07
124245660;36758;2026-10-19 14:50;2026-09-25 03:07
124245660;36758;2026-10-19 16:00;2026-09-25 03:07
124245660;36758;2026-10-19 16:30;2026-09-25 03:07
124245660;36758;2026-10-19 17:25;2026-09-25 03:07
124245660;36758;2026-10-19 18:05;2026-09-25 03:07
124245660;36758;2026-10-19 18:20;2026-09-25 03:07
124245660;36758;2026-10-19 18:45;2026-09-25 03:07
124245660;36758;2026-10-19 19:00;2026-09-25 03:07
124245660;36758;2026-10-19 19:15;2026-09-25 03:07
124245660;36758;2026-10-19 19:30;2026-09-25 03:07
124245660;36758;2026-10-20 07:15;2026-09-25 03:07
124245660;36758;2026-10-20 07:30;2026-09-25 03:07
124245660;36758;2026-10-20 07:45;2026-09-25 03:07
124245660;36758;2026-10-20 08:00;2026-09-25 03:07
124245660;36758;2026-10-20 08:25;2026-09-25 03:07
124245660;36758;2026-10-20 09:05;2026-09-25 03:07
124245660;36758;2026-10-20 09:35;2026-09-25 03:07
124245660;36758;2026-10-20 10:30;2026-09-25 03:07
124245660;36758;2026-10-20 11:15;2026-09-25 03:07
124245660;36758;2026-10-20 11:40;2026-09-25 03:07
124245660;36758;2026-10-20 11:55;2026-09-25 03:07
124245660;36758;2026-10-20 12:10;2026-09-25 03:07
124245660;36758;2026-10-20 12:25;2026-09-25 03:07
124245660;36758;2026-10-21 14:25;2026-09-25 03:07
124245660;36758;2026-10-21 14:50;2026-09-25 03:07
124245660;36758;2026-10-21 15:15;2026-09-25 03:07
124245660;36758;2026-10-21 16:00;2026-09-25 03:07
124245660;36758;2026-10-21 16:15;2026-09-25 03:07
124245660;36758;2026-10-21 16:55;2026-09-25 03:07
124245660;36758;2026-10-21 17:10;2026-09-25 03:07
124245660;36758;2026-10-21 17:25;2026-09-25 03:07
124245660;36758;2026-10-21 17:40;2026-09-25 03:07
124245660;36758;2026-10-21 18:05;2026-09-25 03:07
124245660;36758;2026-10-21 18:20;2026-09-25 03:07
124245660;36758;2026-10-21 18:45;2026-09-25 03:07
124245660;36758;2026-10-21 19:00;2026-09-25 03:07
124245660;36758;2026-10-21 19:15;2026-09-25 03:07
124245660;36758;2026-10-21 19:30;2026-09-25 03:07
124245660;36758;2026-10-22 07:15;2026-09-25 03:07
124245660;36758;2026-10-22 07:40;2026-09-25 03:07
124245660;36758;2026-10-22 07:55;2026-09-25 03:07
124245660;36758;2026-10-22 08:20;2026-09-25 03:07
124245660;36758;2026-10-22 09:15;2026-09-25 03:07
124245660;36758;2026-10-22 09:30;2026-09-25 03:07
124245660;36758;2026-10-22 09:45;2026-09-25 03:07
124245660;36758;2026-10-22 10:45;2026-09-25 03:07
124245660;36758;2026-10-22 11:00;2026-09-25 03:07
124245660;36758;2026-10-22 11:15;2026-09-25 03:07
124245660;36758;2026-10-22 11:40;2026-09-25 03:07
124245660;36758;2026-10-22 11:55;2026-09-25 03:07
124245660;36758;2026-10-22 12:20;2026-09-25 03:07
124245660;36758;2026-10-22 12:35;2026-09-25 03:07
124245660;36758;2026-10-22 12:50;2026-09-25 03:07
124245660;36758;2026-10-22 13:05;2026-09-25 03:07
124245660;36758;2026-10-23 13:40;2026-09-25 03:07
124245660;36758;2026-10-23 14:20;2026-09-25 03:07
124245660;36758;2026-10-23 14:45;2026-09-25 03:07
124245660;36758;2026-10-23 15:15;2026-09-25 03:07
124245660;36758;2026-10-23 16:35;2026-09-25 03:07
124245660;36758;2026-10-23 16:50;2026-09-25 03:07
124245660;36758;2026-10-23 17:15;2026-09-25 03:07
124245660;36758;2026-10-23 17:30;2026-09-25 03:07
124245660;36758;2026-10-23 17:45;2026-09-25 03:07
124245660;36758;2026-10-23 18:00;2026-09-25 03:07
124245660;36758;2026-10-23 18:15;2026-09-25 03:07
124245660;36758;2026-10-23 18:40;2026-09-25 03:07
124245660;36758;2026-10-23 19:05;2026-09-25 03:07
124245660;36758;2026-10-23 19:20;2026-09-25 03:07
124245660;36741;2026-09-25 16:35;2026-09-25 03:07
124245660;36741;2026-09-28 10:30;2026-09-25 03:07
124245660;36741;2026-09-29 14:50;2026-09-25 03:07
124245660;36741;2026-09-30 09:45;2026-09-25 03:07
124245660;36741;2026-10-01 14:45;2026-09-25 03:07
124245660;36741;2026-10-02 10:30;2026-09-25 03:07
124245660;36741;2026-10-05 10:30;2026-09-25 03:07
124245660;36741;2026-10-06 14:30;2026-09-25 03:07
124245660;36741;2026-10-06 14:50;2026-09-25 03:07
124245660;36741;2026-10-06 16:00;2026-09-25 03:07
124245660;36741;2026-10-06 17:00;2026-09-25 03:07
124245660;36741;2026-10-06 18:10;2026-09-25 03:07
124245660;36741;2026-10-06 18:30;2026-09-25 03:07
124245660;36741;2026-10-07 07:30;2026-09-25 03:07
124245660;36741;2026-10-07 07:45;2026-09-25 03:07
124245660;36741;2026-10-07 08:00;2026-09-25 03:07
124245660;36741;2026-10-07 08:25;2026-09-25 03:07
124245660;36741;2026-10-07 09:05;2026-09-25 03:07
124245660;36741;2026-10-07 09:20;2026-09-25 03:07
124245660;36741;2026-10-07 09:45;2026-09-25 03:07
124245660;36741;2026-10-07 10:45;2026-09-25 03:07
124245660;36741;2026-10-07 11:00;2026-09-25 03:07
124245660;36741;2026-10-07 11:15;2026-09-25 03:07
124245660;36741;2026-10-07 11:40;2026-09-25 03:07
124245660;36741;2026-10-07 11:55;2026-09-25 03:07
124245660;36741;2026-10-07 12:20;2026-09-25 03:07
124245660;36741;2026-10-07 12:35;2026-09-25 03:07
124245660;36741;2026-10-08 14:20;2026-09-25 03:07
124245660;36741;2026-10-08 14:45;2026-09-25 03:07
124245660;36741;2026-10-08 15:00;2026-09-25 03:07
124245660;36741;2026-10-08 15:15;2026-09-25 03:07
124245660;36741;2026-10-08 16:00;2026-09-25 03:07
124245660;36741;2026-10-08 16:15;2026-09-25 03:07
124245660;36741;2026-10-08 16:55;2026-09-25 03:07
124245660;36741;2026-10-08 17:10;2026-09-25 03:07
124245660;36741;2026-10-08 17:25;2026-09-25 03:07
124245660;36741;2026-10-08 17:40;2026-09-25 03:07
124245660;36741;2026-10-08 18:05;2026-09-25 03:07
124245660;36741;2026-10-08 18:20;2026-09-25 03:07
124245660;36741;2026-10-08 18:45;2026-09-25 03:07
124245660;36741;2026-10-08 19:00;2026-09-25 03:07
124245660;36741;2026-10-08 19:15;2026-09-25 03:07
124245660;36741;2026-10-09 14:20;2026-09-25 03:07
124245660;36741;2026-10-09 14:45;2026-09-25 03:07
124245660;36741;2026-10-09 15:15;2026-09-25 03:07
124245660;36741;2026-10-09 16:35;2026-09-25 03:07
124245660;36741;2026-10-09 16:50;2026-09-25 03:07
124245660;36741;2026-10-09 17:15;2026-09-25 03:07
124245660;36741;2026-10-09 17:45;2026-09-25 03:07
124245660;36741;2026-10-09 18:00;2026-09-25 03:07
124245660;36741;2026-10-09 18:15;2026-09-25 03:07
124245660;36741;2026-10-09 18:40;2026-09-25 03:07
124245660;36741;2026-10-09 19:05;2026-09-25 03:07
124245660;36741;2026-10-09 19:20;2026-09-25 03:07
124245660;36741;2026-10-12 07:40;2026-09-25 03:07
124245660;36741;2026-10-12 07:55;2026-09-25 03:07
124245660;36741;2026-10-12 08:40;2026-09-25 03:07
124245660;36741;2026-10-12 09:00;2026-09-25 03:07
124245660;36741;2026-10-12 09:45;2026-09-25 03:07
124245660;36741;2026-10-12 12:40;2026-09-25 03:07
124245660;36741;2026-10-13 13:40;2026-09-25 03:07
124245660;36741;2026-10-13 13:55;2026-09-25 03:07
124245660;36741;2026-10-13 14:25;2026-09-25 03:07
124245660;36741;2026-10-13 14:50;2026-09-25 03:07
124245660;36741;2026-10-13 15:05;2026-09-25 03:07
124245660;36741;2026-10-13 16:00;2026-09-25 03:07
124245660;36741;2026-10-13 16:30;2026-09-25 03:07
124245660;36741;2026-10-13 16:55;2026-09-25 03:07
124245660;36741;2026-10-13 17:25;2026-09-25 03:07
124245660;36741;2026-10-13 17:40;2026-09-25 03:07
124245660;36741;2026-10-13 18:05;2026-09-25 03:07
124245660;36741;2026-10-13 18:20;2026-09-25 03:07
124245660;36741;2026-10-13 18:45;2026-09-25 03:07
124245660;36741;2026-10-13 19:00;2026-09-25 03:07
124245660;36741;2026-10-13 19:15;2026-09-25 03:07
124245660;36741;2026-10-13 19:30;2026-09-25 03:07
124245660;36741;2026-10-14 07:15;2026-09-25 03:07
124245660;36741;2026-10-14 07:30;2026-09-25 03:07
124245660;36741;2026-10-14 07:45;2026-09-25 03:07
124245660;36741;2026-10-14 08:00;2026-09-25 03:07
124245660;36741;2026-10-14 08:25;2026-09-25 03:07
124245660;36741;2026-10-14 09:05;2026-09-25 03:07
124245660;36741;2026-10-14 09:20;2026-09-25 03:07
124245660;36741;2026-10-14 09:45;2026-09-25 03:07
124245660;36741;2026-10-14 10:45;2026-09-25 03:07
124245660;36741;2026-10-14 11:00;2026-09-25 03:07
124245660;36741;2026-10-14 11:15;2026-09-25 03:07
124245660;36741;2026-10-14 11:40;2026-09-25 03:07
124245660;36741;2026-10-14 12:20;2026-09-25 03:07
124245660;36741;2026-10-14 12:35;2026-09-25 03:07
124245660;36741;2026-10-15 14:20;2026-09-25 03:07
124245660;36741;2026-10-15 14:45;2026-09-25 03:07
124245660;36741;2026-10-15 15:15;2026-09-25 03:07
124245660;36741;2026-10-15 16:00;2026-09-25 03:07
124245660;36741;2026-10-15 16:15;2026-09-25 03:07
124245660;36741;2026-10-15 16:55;2026-09-25 03:07
124245660;36741;2026-10-15 17:10;2026-09-25 03:07
124245660;36741;2026-10-15 17:25;2026-09-25 03:07
124245660;36741;2026-10-15 17:40;2026-09-25 03:07
124245660;36741;2026-10-15 18:20;2026-09-25 03:07
124245660;36741;2026-10-15 18:45;2026-09-25 03:07
124245660;36741;2026-10-15 19:00;2026-09-25 03:07
124245660;36741;2026-10-15 19:15;2026-09-25 03:07
124245660;36741;2026-10-15 19:30;2026-09-25 03:07
124245660;36741;2026-10-16 07:15;2026-09-25 03:07
124245660;36741;2026-10-16 07:30;2026-09-25 03:07
124245660;36741;2026-10-16 07:45;2026-09-25 03:07
124245660;36741;2026-10-16 08:25;2026-09-25 03:07
124245660;36741;2026-10-16 08:55;2026-09-25 03:07
124245660;36741;2026-10-16 09:35;2026-09-25 03:07
124245660;36741;2026-10-16 10:30;2026-09-25 03:07
124245660;36741;2026-10-16 11:05;2026-09-25 03:07
124245660;36741;2026-10-16 11:35;2026-09-25 03:07
124245660;36741;2026-10-16 11:50;2026-09-25 03:07
124245660;36741;2026-10-16 12:15;2026-09-25 03:07
124245660;36741;2026-10-16 12:40;2026-09-25 03:07
124245660;36741;2026-10-16 12:55;2026-09-25 03:07
124245660;36682;2026-09-25 08:25;2026-09-25 03:07
124245660;36682;2026-09-28 14:50;2026-09-25 03:07
124245660;36682;2026-09-29 10:30;2026-09-25 03:07
124245660;36682;2026-09-30 14:50;2026-09-25 03:07
124245660;36682;2026-10-01 09:45;2026-09-25 03:07
124245660;36682;2026-10-02 16:35;2026-09-25 03:07
124245660;36682;2026-10-05 10:30;2026-09-25 03:07
124245660;36682;2026-10-06 14:50;2026-09-25 03:07
124245660;36682;2026-10-07 09:45;2026-09-25 03:07
124245660;36682;2026-10-08 14:45;2026-09-25 03:07
124245660;36682;2026-10-09 10:30;2026-09-25 03:07
124245660;36682;2026-10-12 14:50;2026-09-25 03:07
124245660;36682;2026-10-13 10:30;2026-09-25 03:07
124245660;36682;2026-10-14 14:50;2026-09-25 03:07
124245660;36682;2026-10-15 09:45;2026-09-25 03:07
124245660;36682;2026-10-16 16:35;2026-09-25 03:07
124245660;36682;2026-10-19 10:30;2026-09-25 03:07
124245660;36682;2026-10-20 14:50;2026-09-25 03:07
124245660;36682;2026-10-21 09:45;2026-09-25 03:07
124245660;36682;2026-10-22 14:45;2026-09-25 03:07
124245660;36682;2026-10-23 10:30;2026-09-25 03:07
124245660;36676;2026-09-25 10:30;2026-09-25 03:07
124245660;36676;2026-09-28 14:50;2026-09-25 03:07
124245660;36676;2026-09-29 10:30;2026-09-25 03:07
124245660;36676;2026-09-30 14:50;2026-09-25 03:07
124245660;36676;2026-10-01 09:45;2026-09-25 03:07
124245660;36676;2026-10-02 16:35;2026-09-25 03:07
124245660;36676;2026-10-05 10:30;2026-09-25 03:07
124245660;36676;2026-10-06 14:50;2026-09-25 03:07
124245660;36676;2026-10-07 09:45;2026-09-25 03:07
124245660;36676;2026-10-08 14:45;2026-09-25 03:07
124245660;36676;2026-10-09 10:30;2026-09-25 03:07
124245660;36676;2026-10-12 14:50;2026-09-25 03:07
124245660;36676;2026-10-12 15:05;2026-09-25 03:07
124245660;36676;2026-10-12 16:55;2026-09-25 03:07
124245660;36676;2026-10-12 17:40;2026-09-25 03:07
124245660;36676;2026-10-13 10:30;2026-09-25 03:07
124245660;36676;2026-10-14 14:50;2026-09-25 03:07
124245660;36676;2026-10-15 09:45;2026-09-25 03:07
124245660;36676;2026-10-16 16:35;2026-09-25 03:07
124245660;36676;2026-10-19 08:25;2026-09-25 03:07
124245660;36676;2026-10-19 10:30;2026-09-25 03:07
124245660;36676;2026-10-20 13:40;2026-09-25 03:07
124245660;36676;2026-10-20 13:55;2026-09-25 03:07
124245660;36676;2026-10-20 14:50;2026-09-25 03:07
124245660;36676;2026-10-20 16:30;2026-09-25 03:07
124245660;36676;2026-10-20 16:55;2026-09-25 03:07
124245660;36676;2026-10-20 17:25;2026-09-25 03:07
124245660;36676;2026-10-20 18:05;2026-09-25 03:07
124245660;36676;2026-10-20 18:20;2026-09-25 03:07
124245660;36676;2026-10-20 18:45;2026-09-25 03:07
124245660;36676;2026-10-20 19:15;2026-09-25 03:07
124245660;36676;2026-10-20 19:30;2026-09-25 03:07
124245660;36676;2026-10-21 07:15;2026-09-25 03:07
124245660;36676;2026-10-21 07:30;2026-09-25 03:07
124245660;36676;2026-10-21 07:45;2026-09-25 03:07
124245660;36676;2026-10-21 08:00;2026-09-25 03:07
124245660;36676;2026-10-21 08:25;2026-09-25 03:07
124245660;36676;2026-10-21 09:05;2026-09-25 03:07
124245660;36676;2026-10-21 09:45;2026-09-25 03:07
124245660;36676;2026-10-21 10:45;2026-09-25 03:07
124245660;36676;2026-10-21 11:00;2026-09-25 03:07
124245660;36676;2026-10-21 11:15;2026-09-25 03:07
124245660;36676;2026-10-21 11:40;2026-09-25 03:07
124245660;36676;2026-10-21 11:55;2026-09-25 03:07
124245660;36676;2026-10-21 12:20;2026-09-25 03:07
124245660;36676;2026-10-22 13:40;2026-09-25 03:07
124245660;36676;2026-10-22 14:20;2026-09-25 03:07
124245660;36676;2026-10-22 14:45;2026-09-25 03:07
124245660;36676;2026-10-22 15:15;2026-09-25 03:07
124245660;36676;2026-10-22 16:00;2026-09-25 03:07
124245660;36676;2026-10-22 16:15;2026-09-25 03:07
124245660;36676;2026-10-22 16:55;2026-09-25 03:07
124245660;36676;2026-10-22 17:10;2026-09-25 03:07
124245660;36676;2026-10-22 17:25;2026-09-25 03:07
124245660;36676;2026-10-22 17:40;2026-09-25 03:07
124245660;36676;2026-10-22 18:05;2026-09-25 03:07
124245660;36676;2026-10-22 18:20;2026-09-25 03:07
124245660;36676;2026-10-22 19:15;2026-09-25 03:07
124245660;36676;2026-10-23 07:15;2026-09-25 03:07
124245660;36676;2026-10-23 07:30;2026-09-25 03:07
124245660;36676;2026-10-23 07:45;2026-09-25 03:07
124245660;36676;2026-10-23 08:25;2026-09-25 03:07
124245660;36676;2026-10-23 08:55;2026-09-25 03:07
124245660;36676;2026-10-23 09:35;2026-09-25 03:07
124245660;36676;2026-10-23 10:30;2026-09-25 03:07
124245660;36676;2026-10-23 11:05;2026-09-25 03:07
124245660;36676;2026-10-23 11:35;2026-09-25 03:07
124245660;36676;2026-10-23 11:50;2026-09-25 03:07
124245660;36676;2026-10-23 12:15;2026-09-25 03:07
124245660;36676;2026-10-23 12:40;2026-09-25 03:07
124245660;36220;2026-09-28 14:50;2026-09-25 03:07
124245660;36220;2026-09-29 10:30;2026-09-25 03:07
124245660;36220;2026-09-30 14:50;2026-09-25 03:07
124245660;36220;2026-10-01 09:45;2026-09-25 03:07
124245660;36220;2026-10-02 16:35;2026-09-25 03:07
124245660;36220;2026-10-05 09:05;2026-09-25 03:07
124245660;36220;2026-10-05 09:45;2026-09-25 03:07
124245660;36220;2026-10-05 10:30;2026-09-25 03:07
124245660;36220;2026-10-05 10:45;2026-09-25 03:07
124245660;36220;2026-10-05 11:15;2026-09-25 03:07
124245660;36220;2026-10-05 12:25;2026-09-25 03:07
124245660;36220;2026-10-06 14:50;2026-09-25 03:07
124245660;36220;2026-10-06 15:05;2026-09-25 03:07
124245660;36220;2026-10-06 16:00;2026-09-25 03:07
124245660;36220;2026-10-06 17:40;2026-09-25 03:07
124245660;36220;2026-10-06 18:05;2026-09-25 03:07
124245660;36220;2026-10-06 18:20;2026-09-25 03:07
124245660;36220;2026-10-06 18:45;2026-09-25 03:07
124245660;36220;2026-10-06 19:15;2026-09-25 03:07
124245660;36220;2026-10-06 19:30;2026-09-25 03:07
124245660;36220;2026-10-07 07:30;2026-09-25 03:07
124245660;36220;2026-10-07 07:45;2026-09-25 03:07
124245660;36220;2026-10-07 08:00;2026-09-25 03:07
124245660;36220;2026-10-07 08:25;2026-09-25 03:07
124245660;36220;2026-10-07 09:05;2026-09-25 03:07
124245660;36220;2026-10-07 09:20;2026-09-25 03:07
124245660;36220;2026-10-07 09:45;2026-09-25 03:07
124245660;36220;2026-10-07 10:45;2026-09-25 03:07
124245660;36220;2026-10-07 11:00;2026-09-25 03:07
124245660;36220;2026-10-07 11:15;2026-09-25 03:07
124245660;36220;2026-10-07 11:40;2026-09-25 03:07
124245660;36220;2026-10-07 11:55;2026-09-25 03:07
124245660;36220;2026-10-07 12:20;2026-09-25 03:07
124245660;36220;2026-10-08 13:40;2026-09-25 03:07
124245660;36220;2026-10-08 14:20;2026-09-25 03:07
124245660;36220;2026-10-08 14:45;2026-09-25 03:07
124245660;36220;2026-10-08 16:00;2026-09-25 03:07
124245660;36220;2026-10-08 16:15;2026-09-25 03:07
124245660;36220;2026-10-08 16:55;2026-09-25 03:07
124245660;36220;2026-10-08 17:10;2026-09-25 03:07
124245660;36220;2026-10-08 17:40;2026-09-25 03:07
124245660;36220;2026-10-08 18:05;2026-09-25 03:07
124245660;36220;2026-10-08 18:20;2026-09-25 03:07
124245660;36220;2026-10-08 18:45;2026-09-25 03:07
124245660;36220;2026-10-08 19:15;2026-09-25 03:07
124245660;36220;2026-10-08 19:30;2026-09-25 03:07
124245660;36220;2026-10-09 07:15;2026-09-25 03:07
124245660;36220;2026-10-09 07:30;2026-09-25 03:07
124245660;36220;2026-10-09 07:45;2026-09-25 03:07
124245660;36220;2026-10-09 08:25;2026-09-25 03:07
124245660;36220;2026-10-09 09:35;2026-09-25 03:07
124245660;36220;2026-10-09 10:30;2026-09-25 03:07
124245660;36220;2026-10-09 11:05;2026-09-25 03:07
124245660;36220;2026-10-09 11:35;2026-09-25 03:07
124245660;36220;2026-10-09 11:50;2026-09-25 03:07
124245660;36220;2026-10-09 12:15;2026-09-25 03:07
124245660;36220;2026-10-09 12:40;2026-09-25 03:07
124245660;36220;2026-10-12 13:40;2026-09-25 03:07
124245660;36220;2026-10-12 13:55;2026-09-25 03:07
124245660;36220;2026-10-12 14:35;2026-09-25 03:07
124245660;36220;2026-10-12 14:50;2026-09-25 03:07
124245660;36220;2026-10-12 16:00;2026-09-25 03:07
124245660;36220;2026-10-12 16:30;2026-09-25 03:07
124245660;36220;2026-10-12 17:10;2026-09-25 03:07
124245660;36220;2026-10-12 17:25;2026-09-25 03:07
124245660;36220;2026-10-12 18:05;2026-09-25 03:07
124245660;36220;2026-10-12 18:20;2026-09-25 03:07
124245660;36220;2026-10-12 18:45;2026-09-25 03:07
124245660;36220;2026-10-12 19:15;2026-09-25 03:07
124245660;36220;2026-10-13 07:15;2026-09-25 03:07
124245660;36220;2026-10-13 07:30;2026-09-25 03:07
124245660;36220;2026-10-13 07:45;2026-09-25 03:07
124245660;36220;2026-10-13 08:00;2026-09-25 03:07
124245660;36220;2026-10-13 08:25;2026-09-25 03:07
124245660;36220;2026-10-13 09:05;2026-09-25 03:07
124245660;36220;2026-10-13 09:35;2026-09-25 03:07
124245660;36220;2026-10-13 10:30;2026-09-25 03:07
124245660;36220;2026-10-13 10:45;2026-09-25 03:07
124245660;36220;2026-10-13 11:15;2026-09-25 03:07
124245660;36220;2026-10-13 11:40;2026-09-25 03:07
124245660;36220;2026-10-13 11:55;2026-09-25 03:07
124245660;36220;2026-10-13 12:10;2026-09-25 03:07
124245660;36220;2026-10-13 12:25;2026-09-25 03:07
124245660;36220;2026-10-13 12:50;2026-09-25 03:07
124245660;36220;2026-10-14 14:50;2026-09-25 03:07
124245660;36220;2026-10-14 15:15;2026-09-25 03:07
124245660;36220;2026-10-14 16:00;2026-09-25 03:07
124245660;36220;2026-10-14 16:15;2026-09-25 03:07
124245660;36220;2026-10-14 16:55;2026-09-25 03:07
124245660;36220;2026-10-14 17:10;2026-09-25 03:07
124245660;36220;2026-10-14 17:25;2026-09-25 03:07
124245660;36220;2026-10-14 17:40;2026-09-25 03:07
124245660;36220;2026-10-14 18:05;2026-09-25 03:07
124245660;36220;2026-10-14 18:20;2026-09-25 03:07
124245660;36220;2026-10-14 18:45;2026-09-25 03:07
124245660;36220;2026-10-14 19:15;2026-09-25 03:07
124245660;36220;2026-10-14 19:30;2026-09-25 03:07
124245660;36220;2026-10-15 07:15;2026-09-25 03:07
124245660;36220;2026-10-15 07:40;2026-09-25 03:07
124245660;36220;2026-10-15 07:55;2026-09-25 03:07
124245660;36220;2026-10-15 08:20;2026-09-25 03:07
124245660;36220;2026-10-15 09:00;2026-09-25 03:07
124245660;36220;2026-10-15 09:15;2026-09-25 03:07
124245660;36220;2026-10-15 09:30;2026-09-25 03:07
124245660;36220;2026-10-15 09:45;2026-09-25 03:07
124245660;36220;2026-10-15 10:45;2026-09-25 03:07
124245660;36220;2026-10-15 11:00;2026-09-25 03:07
124245660;36220;2026-10-15 11:15;2026-09-25 03:07
124245660;36220;2026-10-15 11:40;2026-09-25 03:07
124245660;36220;2026-10-15 11:55;2026-09-25 03:07
124245660;36220;2026-10-15 12:20;2026-09-25 03:07
124245660;36220;2026-10-15 12:35;2026-09-25 03:07
124245660;36220;2026-10-15 12:50;2026-09-25 03:07
124245660;36220;2026-10-16 13:40;2026-09-25 03:07
124245660;36220;2026-10-16 14:20;2026-09-25 03:07
124245660;36220;2026-10-16 14:45;2026-09-25 03:07
124245660;36220;2026-10-16 15:15;2026-09-25 03:07
124245660;36220;2026-10-16 16:35;2026-09-25 03:07
124245660;36220;2026-10-16 16:50;2026-09-25 03:07
124245660;36220;2026-10-16 17:15;2026-09-25 03:07
124245660;36220;2026-10-16 17:30;2026-09-25 03:07
124245660;36220;2026-10-16 17:45;2026-09-25 03:07
124245660;36220;2026-10-16 18:15;2026-09-25 03:07
124245660;36220;2026-10-16 18:40;2026-09-25 03:07
124245660;36220;2026-10-16 19:20;2026-09-25 03:07
124245660;36220;2026-10-19 07:15;2026-09-25 03:07
124245660;36220;2026-10-19 07:30;2026-09-25 03:07
124245660;36220;2026-10-19 07:45;2026-09-25 03:07
124245660;36220;2026-10-19 08:25;2026-09-25 03:07
124245660;36220;2026-10-19 09:05;2026-09-25 03:07
124245660;36220;2026-10-19 09:45;2026-09-25 03:07
124245660;36220;2026-10-19 10:30;2026-09-25 03:07
124245660;36220;2026-10-19 10:45;2026-09-25 03:07
124245660;36220;2026-10-19 11:15;2026-09-25 03:07
124245660;36220;2026-10-19 11:55;2026-09-25 03:07
124245660;36220;2026-10-19 12:10;2026-09-25 03:07
124245660;36220;2026-10-19 12:25;2026-09-25 03:07
124245660;36220;2026-10-19 12:40;2026-09-25 03:07
124245660;36220;2026-10-20 13:40;2026-09-25 03:07
124245660;36220;2026-10-20 13:55;2026-09-25 03:07
124245660;36220;2026-10-20 14:25;2026-09-25 03:07
124245660;36220;2026-10-20 14:50;2026-09-25 03:07
124245660;36220;2026-10-20 15:05;2026-09-25 03:07
124245660;36220;2026-10-20 16:00;2026-09-25 03:07
124245660;36220;2026-10-20 16:30;2026-09-25 03:07
124245660;36220;2026-10-20 16:55;2026-09-25 03:07
124245660;36220;2026-10-20 17:25;2026-09-25 03:07
124245660;36220;2026-10-20 17:40;2026-09-25 03:07
124245660;36220;2026-10-20 18:05;2026-09-25 03:07
124245660;36220;2026-10-20 18:20;2026-09-25 03:07
124245660;36220;2026-10-20 18:45;2026-09-25 03:07
124245660;36220;2026-10-20 19:15;2026-09-25 03:07
124245660;36220;2026-10-20 19:30;2026-09-25 03:07
124245660;36220;2026-10-21 07:45;2026-09-25 03:07
124245660;36220;2026-10-21 08:00;2026-09-25 03:07
124245660;36220;2026-10-21 09:05;2026-09-25 03:07
124245660;36220;2026-10-21 09:20;2026-09-25 03:07
124245660;36220;2026-10-21 09:45;2026-09-25 03:07
124245660;36220;2026-10-21 10:45;2026-09-25 03:07
124245660;36220;2026-10-21 11:00;2026-09-25 03:07
124245660;36220;2026-10-21 11:15;2026-09-25 03:07
124245660;36220;2026-10-21 11:40;2026-09-25 03:07
124245660;36220;2026-10-21 11:55;2026-09-25 03:07
124245660;36220;2026-10-21 12:20;2026-09-25 03:07
124245660;36220;2026-10-22 13:40;2026-09-25 03:07
124245660;36220;2026-10-22 14:20;2026-09-25 03:07
124245660;36220;2026-10-22 14:45;2026-09-25 03:07
124245660;36220;2026-10-22 15:15;2026-09-25 03:07
124245660;36220;2026-10-22 16:00;2026-09-25 03:07
124245660;36220;2026-10-22 16:15;2026-09-25 03:07
124245660;36220;2026-10-22 16:55;2026-09-25 03:07
124245660;36220;2026-10-22 17:10;2026-09-25 03:07
124245660;36220;2026-10-22 17:25;2026-09-25 03:07
124245660;36220;2026-10-22 17:40;2026-09-25 03:07
124245660;36220;2026-10-22 18:05;2026-09-25 03:07
124245660;36220;2026-10-22 18:20;2026-09-25 03:07
124245660;36220;2026-10-22 18:45;2026-09-25 03:07
124245660;36220;2026-10-22 19:15;2026-09-25 03:07
124245660;36220;2026-10-22 19:30;2026-09-25 03:07
124245660;36220;2026-10-23 07:15;2026-09-25 03:07
124245660;36220;2026-10-23 07:30;2026-09-25 03:07
124245660;36220;2026-10-23 07:45;2026-09-25 03:07
124245660;36220;2026-10-23 08:00;2026-09-25 03:07
124245660;36220;2026-10-23 08:25;2026-09-25 03:07
124245660;36220;2026-10-23 08:55;2026-09-25 03:07
124245660;36220;2026-10-23 09:35;2026-09-25 03:07
124245660;36220;2026-10-23 10:30;2026-09-25 03:07
124245660;36220;2026-10-23 11:35;2026-09-25 03:07
124245660;36220;2026-10-23 11:50;2026-09-25 03:07
124245660;36220;2026-10-23 12:15;2026-09-25 03:07
124245660;36220;2026-10-23 12:40;2026-09-25 03:07
124245660;35209;2026-09-28 16:05;2026-09-25 03:07
124245660;35209;2026-09-29 09:35;2026-09-25 03:07
124245660;35209;2026-09-30 08:00;2026-09-25 03:07
124245660;35209;2026-10-01 16:05;2026-09-25 03:07
124245660;35209;2026-10-02 16:05;2026-09-25 03:07
124245660;35209;2026-10-02 18:40;2026-09-25 03:07
124245660;35209;2026-10-02 19:20;2026-09-25 03:07
124245660;35209;2026-10-05 16:05;2026-09-25 03:07
124245660;35209;2026-10-05 18:15;2026-09-25 03:07
124245660;35209;2026-10-05 18:40;2026-09-25 03:07
124245660;35209;2026-10-05 18:55;2026-09-25 03:07
124245660;35209;2026-10-05 19:10;2026-09-25 03:07
124245660;35209;2026-10-05 19:25;2026-09-25 03:07
124245660;35209;2026-10-06 07:15;2026-09-25 03:07
124245660;35209;2026-10-06 07:30;2026-09-25 03:07
124245660;35209;2026-10-06 07:45;2026-09-25 03:07
124245660;35209;2026-10-06 08:25;2026-09-25 03:07
124245660;35209;2026-10-06 08:40;2026-09-25 03:07
124245660;35209;2026-10-06 08:55;2026-09-25 03:07
124245660;35209;2026-10-06 09:10;2026-09-25 03:07
124245660;35209;2026-10-06 09:35;2026-09-25 03:07
124245660;35209;2026-10-06 10:35;2026-09-25 03:07
124245660;35209;2026-10-06 11:30;2026-09-25 03:07
124245660;35209;2026-10-08 16:05;2026-09-25 03:07
124245660;35209;2026-10-08 17:30;2026-09-25 03:07
124245660;35209;2026-10-08 17:45;2026-09-25 03:07
124245660;35209;2026-10-08 18:00;2026-09-25 03:07
124245660;35209;2026-10-08 18:15;2026-09-25 03:07
124245660;35209;2026-10-08 18:55;2026-09-25 03:07
124245660;35209;2026-10-09 07:45;2026-09-25 03:07
124245660;35209;2026-10-09 08:25;2026-09-25 03:07
124245660;35209;2026-10-09 08:40;2026-09-25 03:07
124245660;35209;2026-10-09 08:55;2026-09-25 03:07
124245660;35209;2026-10-09 09:35;2026-09-25 03:07
124245660;35209;2026-10-09 10:45;2026-09-25 03:07
124245660;35209;2026-10-12 16:05;2026-09-25 03:07
124245660;35209;2026-10-12 17:45;2026-09-25 03:07
124245660;35209;2026-10-12 18:00;2026-09-25 03:07
124245660;35209;2026-10-12 18:15;2026-09-25 03:07
124245660;35209;2026-10-12 18:40;2026-09-25 03:07
124245660;35209;2026-10-12 18:55;2026-09-25 03:07
124245660;35209;2026-10-12 19:10;2026-09-25 03:07
124245660;35209;2026-10-12 19:25;2026-09-25 03:07
124245660;35209;2026-10-13 07:15;2026-09-25 03:07
124245660;35209;2026-10-13 07:45;2026-09-25 03:07
124245660;35209;2026-10-13 08:25;2026-09-25 03:07
124245660;35209;2026-10-13 08:40;2026-09-25 03:07
124245660;35209;2026-10-13 08:55;2026-09-25 03:07
124245660;35209;2026-10-13 09:35;2026-09-25 03:07
124245660;35209;2026-10-13 10:35;2026-09-25 03:07
124245660;35209;2026-10-13 11:15;2026-09-25 03:07
124245660;35209;2026-10-13 11:30;2026-09-25 03:07
124245660;35209;2026-10-14 07:15;2026-09-25 03:07
124245660;35209;2026-10-14 07:30;2026-09-25 03:07
124245660;35209;2026-10-14 07:45;2026-09-25 03:07
124245660;35209;2026-10-14 08:00;2026-09-25 03:07
124245660;35209;2026-10-14 08:25;2026-09-25 03:07
124245660;35209;2026-10-14 08:55;2026-09-25 03:07
124245660;35209;2026-10-14 09:10;2026-09-25 03:07
124245660;35209;2026-10-14 09:35;2026-09-25 03:07
124245660;35209;2026-10-14 09:50;2026-09-25 03:07
124245660;35209;2026-10-14 11:15;2026-09-25 03:07
124245660;35209;2026-10-14 11:30;2026-09-25 03:07
124245660;35209;2026-10-15 15:25;2026-09-25 03:07
124245660;35209;2026-10-15 16:05;2026-09-25 03:07
124245660;35209;2026-10-15 16:20;2026-09-25 03:07
124245660;35209;2026-10-15 16:35;2026-09-25 03:07
124245660;35209;2026-10-15 17:30;2026-09-25 03:07
124245660;35209;2026-10-15 17:45;2026-09-25 03:07
124245660;35209;2026-10-15 18:15;2026-09-25 03:07
124245660;35209;2026-10-15 18:40;2026-09-25 03:07
124245660;35209;2026-10-15 18:55;2026-09-25 03:07
124245660;35209;2026-10-15 19:10;2026-09-25 03:07
124245660;35209;2026-10-15 19:25;2026-09-25 03:07
124245660;35209;2026-10-16 16:05;2026-09-25 03:07
124245660;35209;2026-10-16 16:20;2026-09-25 03:07
124245660;35209;2026-10-16 16:35;2026-09-25 03:07
124245660;35209;2026-10-16 17:45;2026-09-25 03:07
124245660;35209;2026-10-16 18:25;2026-09-25 03:07
124245660;35209;2026-10-16 18:40;2026-09-25 03:07
124245660;35209;2026-10-16 19:05;2026-09-25 03:07
124245660;35209;2026-10-16 19:20;2026-09-25 03:07
124245660;35209;2026-10-19 15:40;2026-09-25 03:07
124245660;35209;2026-10-19 16:05;2026-09-25 03:07
124245660;35209;2026-10-19 16:35;2026-09-25 03:07
124245660;35209;2026-10-19 17:45;2026-09-25 03:07
124245660;35209;2026-10-19 18:15;2026-09-25 03:07
124245660;35209;2026-10-19 18:40;2026-09-25 03:07
124245660;35209;2026-10-19 18:55;2026-09-25 03:07
124245660;35209;2026-10-19 19:10;2026-09-25 03:07
124245660;35209;2026-10-19 19:25;2026-09-25 03:07
124245660;35209;2026-10-20 07:15;2026-09-25 03:07
124245660;35209;2026-10-20 07:30;2026-09-25 03:07
124245660;35209;2026-10-20 07:45;2026-09-25 03:07
124245660;35209;2026-10-20 08:25;2026-09-25 03:07
124245660;35209;2026-10-20 08:55;2026-09-25 03:07
124245660;35209;2026-10-20 09:35;2026-09-25 03:07
124245660;35209;2026-10-20 10:35;2026-09-25 03:07
124245660;35209;2026-10-20 11:00;2026-09-25 03:07
124245660;35209;2026-10-20 11:15;2026-09-25 03:07
124245660;35209;2026-10-20 11:30;2026-09-25 03:07
124245660;35209;2026-10-21 07:15;2026-09-25 03:07
124245660;35209;2026-10-21 07:30;2026-09-25 03:07
124245660;35209;2026-10-21 07:45;2026-09-25 03:07
124245660;35209;2026-10-21 08:00;2026-09-25 03:07
124245660;35209;2026-10-21 08:25;2026-09-25 03:07
124245660;35209;2026-10-21 08:55;2026-09-25 03:07
124245660;35209;2026-10-21 09:10;2026-09-25 03:07
124245660;35209;2026-10-21 09:35;2026-09-25 03:07
124245660;35209;2026-10-21 09:50;2026-09-25 03:07
124245660;35209;2026-10-21 10:35;2026-09-25 03:07
124245660;35209;2026-10-21 11:00;2026-09-25 03:07
124245660;35209;2026-10-21 11:15;2026-09-25 03:07
124245660;35209;2026-10-21 11:30;2026-09-25 03:07
124245660;35209;2026-10-22 15:25;2026-09-25 03:07
124245660;35209;2026-10-22 16:05;2026-09-25 03:07
124245660;35209;2026-10-22 16:20;2026-09-25 03:07
124245660;35209;2026-10-22 16:35;2026-09-25 03:07
124245660;35209;2026-10-22 17:30;2026-09-25 03:07
124245660;35209;2026-10-22 17:45;2026-09-25 03:07
124245660;35209;2026-10-22 18:15;2026-09-25 03:07
124245660;35209;2026-10-22 18:40;2026-09-25 03:07
124245660;35209;2026-10-22 18:55;2026-09-25 03:07
124245660;35209;2026-10-22 19:10;2026-09-25 03:07
124245660;35209;2026-10-23 07:15;2026-09-25 03:07
124245660;35209;2026-10-23 07:30;2026-09-25 03:07
124245660;35209;2026-10-23 07:45;2026-09-25 03:07
124245660;35209;2026-10-23 08:25;2026-09-25 03:07
124245660;35209;2026-10-23 08:40;2026-09-25 03:07
124245660;35209;2026-10-23 08:55;2026-09-25 03:07
124245660;35209;2026-10-23 09:10;2026-09-25 03:07
124245660;35209;2026-10-23 09:35;2026-09-25 03:07
124245660;35209;2026-10-23 10:45;2026-09-25 03:07
124245660;35209;2026-10-23 11:10;2026-09-25 03:07
124245660;35209;2026-10-23 11:25;2026-09-25 03:07
124245660;35022;2026-09-28 14:50;2026-09-25 03:07
124245660;35022;2026-09-29 10:30;2026-09-25 03:07
124245660;35022;2026-09-30 14:50;2026-09-25 03:07
124245660;35022;2026-10-01 09:45;2026-09-25 03:07
124245660;35022;2026-10-02 16:35;2026-09-25 03:07
124245660;35022;2026-10-05 10:30;2026-09-25 03:07
124245660;35022;2026-10-06 14:50;2026-09-25 03:07
124245660;35022;2026-10-07 09:45;2026-09-25 03:07
124245660;35022;2026-10-08 14:45;2026-09-25 03:07
124245660;35022;2026-10-09 10:30;2026-09-25 03:07
124245660;35022;2026-10-12 14:50;2026-09-25 03:07
124245660;35022;2026-10-13 07:15;2026-09-25 03:07
124245660;35022;2026-10-13 07:30;2026-09-25 03:07
124245660;35022;2026-10-13 07:45;2026-09-25 03:07
124245660;35022;2026-10-13 10:30;2026-09-25 03:07
124245660;35022;2026-10-13 10:45;2026-09-25 03:07
124245660;35022;2026-10-13 11:15;2026-09-25 03:07
124245660;35022;2026-10-13 11:40;2026-09-25 03:07
124245660;35022;2026-10-13 11:55;2026-09-25 03:07
124245660;35022;2026-10-13 12:10;2026-09-25 03:07
124245660;35022;2026-10-13 12:25;2026-09-25 03:07
124245660;35022;2026-10-13 12:50;2026-09-25 03:07
124245660;35022;2026-10-13 13:05;2026-09-25 03:07
124245660;35022;2026-10-14 14:25;2026-09-25 03:07
124245660;35022;2026-10-14 14:50;2026-09-25 03:07
124245660;35022;2026-10-14 15:15;2026-09-25 03:07
124245660;35022;2026-10-14 16:15;2026-09-25 03:07
124245660;35022;2026-10-14 16:55;2026-09-25 03:07
124245660;35022;2026-10-14 17:10;2026-09-25 03:07
124245660;35022;2026-10-14 17:25;2026-09-25 03:07
124245660;35022;2026-10-14 17:40;2026-09-25 03:07
124245660;35022;2026-10-14 18:05;2026-09-25 03:07
124245660;35022;2026-10-14 18:20;2026-09-25 03:07
124245660;35022;2026-10-14 18:45;2026-09-25 03:07
124245660;35022;2026-10-14 19:00;2026-09-25 03:07
124245660;35022;2026-10-14 19:15;2026-09-25 03:07
124245660;35022;2026-10-14 19:30;2026-09-25 03:07
124245660;35022;2026-10-15 07:15;2026-09-25 03:07
124245660;35022;2026-10-15 07:40;2026-09-25 03:07
124245660;35022;2026-10-15 07:55;2026-09-25 03:07
124245660;35022;2026-10-15 08:20;2026-09-25 03:07
124245660;35022;2026-10-15 09:00;2026-09-25 03:07
124245660;35022;2026-10-15 09:15;2026-09-25 03:07
124245660;35022;2026-10-15 09:45;2026-09-25 03:07
124245660;35022;2026-10-15 10:45;2026-09-25 03:07
124245660;35022;2026-10-15 11:00;2026-09-25 03:07
124245660;35022;2026-10-15 11:15;2026-09-25 03:07
124245660;35022;2026-10-15 12:20;2026-09-25 03:07
124245660;35022;2026-10-15 12:35;2026-09-25 03:07
124245660;35022;2026-10-15 12:50;2026-09-25 03:07
124245660;35022;2026-10-15 13:05;2026-09-25 03:07
124245660;35022;2026-10-16 13:40;2026-09-25 03:07
124245660;35022;2026-10-16 14:20;2026-09-25 03:07
124245660;35022;2026-10-16 14:45;2026-09-25 03:07
124245660;35022;2026-10-16 15:15;2026-09-25 03:07
124245660;35022;2026-10-16 16:35;2026-09-25 03:07
124245660;35022;2026-10-16 16:50;2026-09-25 03:07
124245660;35022;2026-10-16 17:15;2026-09-25 03:07
124245660;35022;2026-10-16 17:30;2026-09-25 03:07
124245660;35022;2026-10-16 17:45;2026-09-25 03:07
124245660;35022;2026-10-16 18:15;2026-09-25 03:07
124245660;35022;2026-10-16 18:40;2026-09-25 03:07
124245660;35022;2026-10-16 19:05;2026-09-25 03:07
124245660;35022;2026-10-16 19:20;2026-09-25 03:07
124245660;35022;2026-10-19 07:15;2026-09-25 03:07
124245660;35022;2026-10-19 07:30;2026-09-25 03:07
124245660;35022;2026-10-19 07:45;2026-09-25 03:07
124245660;35022;2026-10-19 09:05;2026-09-25 03:07
124245660;35022;2026-10-19 09:45;2026-09-25 03:07
124245660;35022;2026-10-19 10:30;2026-09-25 03:07
124245660;35022;2026-10-19 10:45;2026-09-25 03:07
124245660;35022;2026-10-19 11:15;2026-09-25 03:07
124245660;35022;2026-10-19 11:55;2026-09-25 03:07
124245660;35022;2026-10-19 12:10;2026-09-25 03:07
124245660;35022;2026-10-19 12:25;2026-09-25 03:07
124245660;35022;2026-10-19 12:40;2026-09-25 03:07
124245660;35022;2026-10-19 12:55;2026-09-25 03:07
124245660;35022;2026-10-20 13:45;2026-09-25 03:07
124245660;35022;2026-10-20 14:30;2026-09-25 03:07
124245660;35022;2026-10-20 14:50;2026-09-25 03:07
124245660;35022;2026-10-20 16:00;2026-09-25 03:07
124245660;35022;2026-10-20 17:00;2026-09-25 03:07
124245660;35022;2026-10-20 18:10;2026-09-25 03:07
124245660;35022;2026-10-20 18:30;2026-09-25 03:07
124245660;35022;2026-10-20 19:10;2026-09-25 03:07
124245660;35022;2026-10-21 07:15;2026-09-25 03:07
124245660;35022;2026-10-21 07:30;2026-09-25 03:07
124245660;35022;2026-10-21 08:00;2026-09-25 03:07
124245660;35022;2026-10-21 08:25;2026-09-25 03:07
124245660;35022;2026-10-21 09:05;2026-09-25 03:07
124245660;35022;2026-10-21 09:20;2026-09-25 03:07
124245660;35022;2026-10-21 09:45;2026-09-25 03:07
124245660;35022;2026-10-21 10:45;2026-09-25 03:07
124245660;35022;2026-10-21 11:00;2026-09-25 03:07
124245660;35022;2026-10-21 11:15;2026-09-25 03:07
124245660;35022;2026-10-21 11:40;2026-09-25 03:07
124245660;35022;2026-10-21 11:55;2026-09-25 03:07
124245660;35022;2026-10-21 12:20;2026-09-25 03:07
124245660;35022;2026-10-21 12:35;2026-09-25 03:07
124245660;35022;2026-10-22 14:45;2026-09-25 03:07
124245660;35022;2026-10-22 15:00;2026-09-25 03:07
124245660;35022;2026-10-22 15:15;2026-09-25 03:07
124245660;35022;2026-10-22 16:00;2026-09-25 03:07
124245660;35022;2026-10-22 16:15;2026-09-25 03:07
124245660;35022;2026-10-22 16:55;2026-09-25 03:07
124245660;35022;2026-10-22 17:10;2026-09-25 03:07
124245660;35022;2026-10-22 17:25;2026-09-25 03:07
124245660;35022;2026-10-22 17:40;2026-09-25 03:07
124245660;35022;2026-10-22 18:05;2026-09-25 03:07
124245660;35022;2026-10-22 18:20;2026-09-25 03:07
124245660;35022;2026-10-22 18:45;2026-09-25 03:07
124245660;35022;2026-10-22 19:00;2026-09-25 03:07
124245660;35022;2026-10-22 19:15;2026-09-25 03:07
124245660;35022;2026-10-22 19:30;2026-09-25 03:07
124245660;35022;2026-10-23 07:15;2026-09-25 03:07
124245660;35022;2026-10-23 07:30;2026-09-25 03:07
124245660;35022;2026-10-23 07:45;2026-09-25 03:07
124245660;35022;2026-10-23 08:00;2026-09-25 03:07
124245660;35022;2026-10-23 08:25;2026-09-25 03:07
124245660;35022;2026-10-23 08:55;2026-09-25 03:07
124245660;35022;2026-10-23 09:35;2026-09-25 03:07
124245660;35022;2026-10-23 10:30;2026-09-25 03:07
124245660;35022;2026-10-23 11:05;2026-09-25 03:07
124245660;35022;2026-10-23 11:35;2026-09-25 03:07
124245660;35022;2026-10-23 12:15;2026-09-25 03:07
124245660;35022;2026-10-23 12:40;2026-09-25 03:07
124245660;35022;2026-10-23 12:55;2026-09-25 03:07
124245660;34813;2026-09-25 12:00;2026-09-25 03:07
124245660;34813;2026-09-30 11:30;2026-09-25 03:07
124245660;34813;2026-10-01 11:15;2026-09-25 03:07
124245660;34813;2026-10-02 11:15;2026-09-25 03:07
124245660;34813;2026-10-05 12:00;2026-09-25 03:07
124245660;34813;2026-10-06 12:00;2026-09-25 03:07
124245660;34813;2026-10-07 11:30;2026-09-25 03:07
124245660;34813;2026-10-08 11:15;2026-09-25 03:07
124245660;34813;2026-10-09 12:00;2026-09-25 03:07
124245660;34813;2026-10-12 12:00;2026-09-25 03:07
124245660;34813;2026-10-13 08:45;2026-09-25 03:07
124245660;34813;2026-10-13 09:00;2026-09-25 03:07
124245660;34813;2026-10-13 10:15;2026-09-25 03:07
124245660;34813;2026-10-13 11:45;2026-09-25 03:07
124245660;34813;2026-10-13 12:00;2026-09-25 03:07
124245660;34813;2026-10-14 09:25;2026-09-25 03:07
124245660;34813;2026-10-14 10:10;2026-09-25 03:07
124245660;34813;2026-10-14 10:30;2026-09-25 03:07
124245660;34813;2026-10-14 11:15;2026-09-25 03:07
124245660;34813;2026-10-14 12:00;2026-09-25 03:07
124245660;34813;2026-10-14 13:00;2026-09-25 03:07
124245660;34813;2026-10-15 09:10;2026-09-25 03:07
124245660;34813;2026-10-15 09:25;2026-09-25 03:07
124245660;34813;2026-10-15 09:50;2026-09-25 03:07
124245660;34813;2026-10-15 10:30;2026-09-25 03:07
124245660;34813;2026-10-15 10:45;2026-09-25 03:07
124245660;34813;2026-10-15 11:00;2026-09-25 03:07
124245660;34813;2026-10-15 11:15;2026-09-25 03:07
124245660;34813;2026-10-15 12:15;2026-09-25 03:07
124245660;34813;2026-10-15 12:30;2026-09-25 03:07
124245660;34813;2026-10-15 12:45;2026-09-25 03:07
124245660;34813;2026-10-15 13:10;2026-09-25 03:07
124245660;34813;2026-10-15 13:25;2026-09-25 03:07
124245660;34813;2026-10-15 13:50;2026-09-25 03:07
124245660;34813;2026-10-16 09:00;2026-09-25 03:07
124245660;34813;2026-10-16 09:15;2026-09-25 03:07
124245660;34813;2026-10-16 09:30;2026-09-25 03:07
124245660;34813;2026-10-16 14:10;2026-09-25 03:07
124245660;34813;2026-10-19 08:45;2026-09-25 03:07
124245660;34813;2026-10-19 09:00;2026-09-25 03:07
124245660;34813;2026-10-19 09:15;2026-09-25 03:07
124245660;34813;2026-10-19 09:55;2026-09-25 03:07
124245660;34813;2026-10-19 10:35;2026-09-25 03:07
124245660;34813;2026-10-19 11:15;2026-09-25 03:07
124245660;34813;2026-10-19 12:00;2026-09-25 03:07
124245660;34813;2026-10-19 12:15;2026-09-25 03:07
124245660;34813;2026-10-19 12:45;2026-09-25 03:07
124245660;34813;2026-10-19 13:25;2026-09-25 03:07
124245660;34813;2026-10-19 13:55;2026-09-25 03:07
124245660;34813;2026-10-20 08:00;2026-09-25 03:07
124245660;34813;2026-10-20 08:15;2026-09-25 03:07
124245660;34813;2026-10-20 08:30;2026-09-25 03:07
124245660;34813;2026-10-20 08:45;2026-09-25 03:07
124245660;34813;2026-10-20 09:00;2026-09-25 03:07
124245660;34813;2026-10-20 09:15;2026-09-25 03:07
124245660;34813;2026-10-20 09:30;2026-09-25 03:07
124245660;34813;2026-10-20 10:00;2026-09-25 03:07
124245660;34813;2026-10-20 10:15;2026-09-25 03:07
124245660;34813;2026-10-20 11:30;2026-09-25 03:07
124245660;34813;2026-10-20 11:45;2026-09-25 03:07
124245660;34813;2026-10-20 12:00;2026-09-25 03:07
124245660;34813;2026-10-20 12:30;2026-09-25 03:07
124245660;34813;2026-10-21 08:50;2026-09-25 03:07
124245660;34813;2026-10-21 09:05;2026-09-25 03:07
124245660;34813;2026-10-21 09:20;2026-09-25 03:07
124245660;34813;2026-10-21 09:35;2026-09-25 03:07
124245660;34813;2026-10-21 09:50;2026-09-25 03:07
124245660;34813;2026-10-21 10:45;2026-09-25 03:07
124245660;34813;2026-10-21 11:15;2026-09-25 03:07
124245660;34813;2026-10-21 11:30;2026-09-25 03:07
124245660;34813;2026-10-21 12:45;2026-09-25 03:07
124245660;34813;2026-10-22 08:45;2026-09-25 03:07
124245660;34813;2026-10-22 09:10;2026-09-25 03:07
124245660;34813;2026-10-22 09:25;2026-09-25 03:07
124245660;34813;2026-10-22 09:50;2026-09-25 03:07
124245660;34813;2026-10-22 10:30;2026-09-25 03:07
124245660;34813;2026-10-22 10:45;2026-09-25 03:07
124245660;34813;2026-10-22 11:00;2026-09-25 03:07
124245660;34813;2026-10-22 11:15;2026-09-25 03:07
124245660;34813;2026-10-22 12:15;2026-09-25 03:07
124245660;34813;2026-10-22 12:30;2026-09-25 03:07
124245660;34813;2026-10-22 12:45;2026-09-25 03:07
124245660;34813;2026-10-22 13:10;2026-09-25 03:07
124245660;34813;2026-10-22 13:25;2026-09-25 03:07
124245660;34813;2026-10-22 13:50;2026-09-25 03:07
124245660;34813;2026-10-22 14:05;2026-09-25 03:07
124245660;34813;2026-10-22 14:20;2026-09-25 03:07
124245660;34813;2026-10-23 09:00;2026-09-25 03:07
124245660;34813;2026-10-23 09:15;2026-09-25 03:07
124245660;34813;2026-10-23 09:30;2026-09-25 03:07
124245660;34813;2026-10-23 09:55;2026-09-25 03:07
124245660;34813;2026-10-23 10:25;2026-09-25 03:07
124245660;34813;2026-10-23 11:05;2026-09-25 03:07
124245660;34813;2026-10-23 12:00;2026-09-25 03:07
124245660;34813;2026-10-23 12:35;2026-09-25 03:07
124245660;34813;2026-10-23 13:05;2026-09-25 03:07
124245660;34813;2026-10-23 13:20;2026-09-25 03:07
124245660;34813;2026-10-23 13:45;2026-09-25 03:07
124245660;34813;2026-10-23 14:10;2026-09-25 03:07
124245660;34507;2026-10-05 09:47;2026-09-25 03:07
124245660;34507;2026-10-06 16:09;2026-09-25 03:07
124245660;34507;2026-10-06 16:41;2026-09-25 03:07
124245660;34507;2026-10-06 16:57;2026-09-25 03:07
124245660;34507;2026-10-07 09:15;2026-09-25 03:07
124245660;34507;2026-10-07 09:31;2026-09-25 03:07
124245660;34507;2026-10-08 16:09;2026-09-25 03:07
124245660;34507;2026-10-08 16:41;2026-09-25 03:07
124245660;34507;2026-10-12 16:09;2026-09-25 03:07
124245660;34507;2026-10-12 16:25;2026-09-25 03:07
124245660;34507;2026-10-12 16:57;2026-09-25 03:07
124245660;34507;2026-10-13 09:47;2026-09-25 03:07
124245660;34507;2026-10-14 15:59;2026-09-25 03:07
124245660;34507;2026-10-14 16:19;2026-09-25 03:07
124245660;34507;2026-10-14 16:39;2026-09-25 03:07
124245660;34507;2026-10-14 16:55;2026-09-25 03:07
124245660;34507;2026-10-15 09:15;2026-09-25 03:07
124245660;34507;2026-10-15 09:31;2026-09-25 03:07
124245660;34507;2026-10-15 09:47;2026-09-25 03:07
124245660;34507;2026-10-16 16:09;2026-09-25 03:07
124245660;34507;2026-10-16 16:25;2026-09-25 03:07
124245660;34507;2026-10-16 16:41;2026-09-25 03:07
124245660;34507;2026-10-16 16:57;2026-09-25 03:07
124245660;34507;2026-10-19 09:15;2026-09-25 03:07
124245660;34507;2026-10-19 09:31;2026-09-25 03:07
124245660;34507;2026-10-19 09:47;2026-09-25 03:07
124245660;34507;2026-10-20 16:09;2026-09-25 03:07
124245660;34507;2026-10-20 16:41;2026-09-25 03:07
124245660;34507;2026-10-20 16:57;2026-09-25 03:07
124245660;34507;2026-10-21 09:15;2026-09-25 03:07
124245660;34507;2026-10-21 09:31;2026-09-25 03:07
124245660;34142;2026-09-25 10:30;2026-09-25 03:07
124245660;34142;2026-09-28 14:50;2026-09-25 03:07
124245660;34142;2026-09-29 10:30;2026-09-25 03:07
124245660;34142;2026-09-30 14:50;2026-09-25 03:07
124245660;34142;2026-10-01 09:45;2026-09-25 03:07
124245660;34142;2026-10-02 16:35;2026-09-25 03:07
124245660;34142;2026-10-05 14:50;2026-09-25 03:07
124245660;34142;2026-10-06 09:45;2026-09-25 03:07
124245660;34142;2026-10-07 14:50;2026-09-25 03:07
124245660;34142;2026-10-08 09:45;2026-09-25 03:07
124245660;34142;2026-10-08 11:55;2026-09-25 03:07
124245660;34142;2026-10-08 12:35;2026-09-25 03:07
124245660;34142;2026-10-08 12:50;2026-09-25 03:07
124245660;34142;2026-10-09 07:45;2026-09-25 03:07
124245660;34142;2026-10-09 08:00;2026-09-25 03:07
124245660;34142;2026-10-09 08:25;2026-09-25 03:07
124245660;34142;2026-10-09 09:35;2026-09-25 03:07
124245660;34142;2026-10-09 10:30;2026-09-25 03:07
124245660;34142;2026-10-09 11:05;2026-09-25 03:07
124245660;34142;2026-10-09 11:35;2026-09-25 03:07
124245660;34142;2026-10-09 11:50;2026-09-25 03:07
124245660;34142;2026-10-09 12:15;2026-09-25 03:07
124245660;34142;2026-10-09 12:40;2026-09-25 03:07
124245660;34142;2026-10-09 12:55;2026-09-25 03:07
124245660;34142;2026-10-12 14:50;2026-09-25 03:07
124245660;34142;2026-10-12 18:45;2026-09-25 03:07
124245660;34142;2026-10-12 19:00;2026-09-25 03:07
124245660;34142;2026-10-12 19:15;2026-09-25 03:07
124245660;34142;2026-10-12 19:30;2026-09-25 03:07
124245660;34142;2026-10-13 07:45;2026-09-25 03:07
124245660;34142;2026-10-13 09:05;2026-09-25 03:07
124245660;34142;2026-10-13 09:35;2026-09-25 03:07
124245660;34142;2026-10-13 10:30;2026-09-25 03:07
124245660;34142;2026-10-13 10:45;2026-09-25 03:07
124245660;34142;2026-10-13 11:15;2026-09-25 03:07
124245660;34142;2026-10-13 11:40;2026-09-25 03:07
124245660;34142;2026-10-13 11:55;2026-09-25 03:07
124245660;34142;2026-10-13 12:10;2026-09-25 03:07
124245660;34142;2026-10-13 12:25;2026-09-25 03:07
124245660;34142;2026-10-13 12:50;2026-09-25 03:07
124245660;34142;2026-10-13 13:05;2026-09-25 03:07
124245660;34142;2026-10-14 14:25;2026-09-25 03:07
124245660;34142;2026-10-14 14:50;2026-09-25 03:07
124245660;34142;2026-10-14 16:00;2026-09-25 03:07
124245660;34142;2026-10-14 16:15;2026-09-25 03:07
124245660;34142;2026-10-14 16:55;2026-09-25 03:07
124245660;34142;2026-10-14 17:25;2026-09-25 03:07
124245660;34142;2026-10-14 17:40;2026-09-25 03:07
124245660;34142;2026-10-14 18:05;2026-09-25 03:07
124245660;34142;2026-10-14 18:20;2026-09-25 03:07
124245660;34142;2026-10-14 18:45;2026-09-25 03:07
124245660;34142;2026-10-14 19:00;2026-09-25 03:07
124245660;34142;2026-10-14 19:15;2026-09-25 03:07
124245660;34142;2026-10-14 19:30;2026-09-25 03:07
124245660;34142;2026-10-15 07:40;2026-09-25 03:07
124245660;34142;2026-10-15 07:55;2026-09-25 03:07
124245660;34142;2026-10-15 08:20;2026-09-25 03:07
124245660;34142;2026-10-15 09:30;2026-09-25 03:07
124245660;34142;2026-10-15 09:45;2026-09-25 03:07
124245660;34142;2026-10-15 10:45;2026-09-25 03:07
124245660;34142;2026-10-15 11:00;2026-09-25 03:07
124245660;34142;2026-10-15 11:15;2026-09-25 03:07
124245660;34142;2026-10-15 11:40;2026-09-25 03:07
124245660;34142;2026-10-15 11:55;2026-09-25 03:07
124245660;34142;2026-10-15 12:35;2026-09-25 03:07
124245660;34142;2026-10-15 12:50;2026-09-25 03:07
124245660;34142;2026-10-15 13:05;2026-09-25 03:07
124245660;34142;2026-10-16 16:35;2026-09-25 03:07
124245660;34142;2026-10-16 16:50;2026-09-25 03:07
124245660;34142;2026-10-16 17:15;2026-09-25 03:07
124245660;34142;2026-10-16 17:30;2026-09-25 03:07
124245660;34142;2026-10-16 17:45;2026-09-25 03:07
124245660;34142;2026-10-16 18:00;2026-09-25 03:07
124245660;34142;2026-10-16 18:15;2026-09-25 03:07
124245660;34142;2026-10-16 18:40;2026-09-25 03:07
124245660;34142;2026-10-16 19:05;2026-09-25 03:07
124245660;34142;2026-10-16 19:20;2026-09-25 03:07
124245660;34142;2026-10-19 14:35;2026-09-25 03:07
124245660;34142;2026-10-19 14:50;2026-09-25 03:07
124245660;34142;2026-10-19 16:00;2026-09-25 03:07
124245660;34142;2026-10-19 16:30;2026-09-25 03:07
124245660;34142;2026-10-19 17:10;2026-09-25 03:07
124245660;34142;2026-10-19 17:25;2026-09-25 03:07
124245660;34142;2026-10-19 18:05;2026-09-25 03:07
124245660;34142;2026-10-19 18:20;2026-09-25 03:07
124245660;34142;2026-10-19 18:45;2026-09-25 03:07
124245660;34142;2026-10-19 19:00;2026-09-25 03:07
124245660;34142;2026-10-19 19:15;2026-09-25 03:07
124245660;34142;2026-10-19 19:30;2026-09-25 03:07
124245660;34142;2026-10-20 07:15;2026-09-25 03:07
124245660;34142;2026-10-20 07:30;2026-09-25 03:07
124245660;34142;2026-10-20 07:45;2026-09-25 03:07
124245660;34142;2026-10-20 08:25;2026-09-25 03:07
124245660;34142;2026-10-20 09:05;2026-09-25 03:07
124245660;34142;2026-10-20 09:35;2026-09-25 03:07
124245660;34142;2026-10-20 10:30;2026-09-25 03:07
124245660;34142;2026-10-20 10:45;2026-09-25 03:07
124245660;34142;2026-10-20 11:15;2026-09-25 03:07
124245660;34142;2026-10-20 11:40;2026-09-25 03:07
124245660;34142;2026-10-20 11:55;2026-09-25 03:07
124245660;34142;2026-10-20 12:10;2026-09-25 03:07
124245660;34142;2026-10-20 12:25;2026-09-25 03:07
124245660;34142;2026-10-21 14:50;2026-09-25 03:07
124245660;34142;2026-10-21 16:00;2026-09-25 03:07
124245660;34142;2026-10-21 16:15;2026-09-25 03:07
124245660;34142;2026-10-21 16:55;2026-09-25 03:07
124245660;34142;2026-10-21 17:10;2026-09-25 03:07
124245660;34142;2026-10-21 17:25;2026-09-25 03:07
124245660;34142;2026-10-21 17:40;2026-09-25 03:07
124245660;34142;2026-10-21 18:05;2026-09-25 03:07
124245660;34142;2026-10-21 18:20;2026-09-25 03:07
124245660;34142;2026-10-21 18:45;2026-09-25 03:07
124245660;34142;2026-10-21 19:00;2026-09-25 03:07
124245660;34142;2026-10-21 19:15;2026-09-25 03:07
124245660;34142;2026-10-21 19:30;2026-09-25 03:07
124245660;34142;2026-10-22 07:40;2026-09-25 03:07
124245660;34142;2026-10-22 07:55;2026-09-25 03:07
124245660;34142;2026-10-22 08:20;2026-09-25 03:07
124245660;34142;2026-10-22 09:00;2026-09-25 03:07
124245660;34142;2026-10-22 09:15;2026-09-25 03:07
124245660;34142;2026-10-22 09:45;2026-09-25 03:07
124245660;34142;2026-10-22 10:45;2026-09-25 03:07
124245660;34142;2026-10-22 11:00;2026-09-25 03:07
124245660;34142;2026-10-22 11:40;2026-09-25 03:07
124245660;34142;2026-10-22 11:55;2026-09-25 03:07
124245660;34142;2026-10-22 12:20;2026-09-25 03:07
124245660;34142;2026-10-22 12:35;2026-09-25 03:07
124245660;34142;2026-10-22 12:50;2026-09-25 03:07
124245660;34142;2026-10-22 13:05;2026-09-25 03:07
124245660;34142;2026-10-23 07:15;2026-09-25 03:07
124245660;34142;2026-10-23 07:30;2026-09-25 03:07
124245660;34142;2026-10-23 07:45;2026-09-25 03:07
124245660;34142;2026-10-23 08:00;2026-09-25 03:07
124245660;34142;2026-10-23 10:30;2026-09-25 03:07
124245660;34142;2026-10-23 11:05;2026-09-25 03:07
124245660;34142;2026-10-23 11:35;2026-09-25 03:07
124245660;34142;2026-10-23 11:50;2026-09-25 03:07
124245660;34142;2026-10-23 12:15;2026-09-25 03:07
124245660;34142;2026-10-23 12:40;2026-09-25 03:07
124245660;34129;2026-09-29 11:42;2026-09-25 03:07
124245660;34129;2026-09-30 17:32;2026-09-25 03:07
124245660;34129;2026-10-01 07:47;2026-09-25 03:07
124245660;34129;2026-10-01 08:03;2026-09-25 03:07
124245660;34129;2026-10-01 08:19;2026-09-25 03:07
124245660;34129;2026-10-01 08:35;2026-09-25 03:07
124245660;34129;2026-10-01 08:51;2026-09-25 03:07
124245660;34129;2026-10-01 09:07;2026-09-25 03:07
124245660;34129;2026-10-01 09:23;2026-09-25 03:07
124245660;34129;2026-10-01 11:28;2026-09-25 03:07
124245660;34129;2026-10-01 12:00;2026-09-25 03:07
124245660;34129;2026-10-01 12:16;2026-09-25 03:07
124245660;34129;2026-10-01 12:32;2026-09-25 03:07
124245660;34129;2026-10-01 12:48;2026-09-25 03:07
124245660;34129;2026-10-02 18:14;2026-09-25 03:07
124245660;34129;2026-10-05 08:03;2026-09-25 03:07
124245660;34129;2026-10-05 08:19;2026-09-25 03:07
124245660;34129;2026-10-05 08:35;2026-09-25 03:07
124245660;34129;2026-10-05 08:51;2026-09-25 03:07
124245660;34129;2026-10-05 09:07;2026-09-25 03:07
124245660;34129;2026-10-05 09:23;2026-09-25 03:07
124245660;34129;2026-10-05 11:44;2026-09-25 03:07
124245660;34129;2026-10-05 12:00;2026-09-25 03:07
124245660;34129;2026-10-06 14:17;2026-09-25 03:07
124245660;34129;2026-10-06 14:33;2026-09-25 03:07
124245660;34129;2026-10-06 14:49;2026-09-25 03:07
124245660;34129;2026-10-06 15:05;2026-09-25 03:07
124245660;34129;2026-10-06 15:21;2026-09-25 03:07
124245660;34129;2026-10-06 18:30;2026-09-25 03:07
124245660;34129;2026-10-07 07:30;2026-09-25 03:07
124245660;34129;2026-10-07 07:46;2026-09-25 03:07
124245660;34129;2026-10-07 08:02;2026-09-25 03:07
124245660;34129;2026-10-07 08:18;2026-09-25 03:07
124245660;34129;2026-10-07 08:34;2026-09-25 03:07
124245660;34129;2026-10-07 08:50;2026-09-25 03:07
124245660;34129;2026-10-07 11:50;2026-09-25 03:07
124245660;34129;2026-10-07 12:10;2026-09-25 03:07
124245660;34129;2026-10-07 12:30;2026-09-25 03:07
124245660;34129;2026-10-07 12:50;2026-09-25 03:07
124245660;34129;2026-10-07 13:10;2026-09-25 03:07
124245660;34129;2026-10-08 14:17;2026-09-25 03:07
124245660;34129;2026-10-08 14:33;2026-09-25 03:07
124245660;34129;2026-10-08 14:49;2026-09-25 03:07
124245660;34129;2026-10-08 15:05;2026-09-25 03:07
124245660;34129;2026-10-08 15:21;2026-09-25 03:07
124245660;34129;2026-10-08 18:14;2026-09-25 03:07
124245660;34129;2026-10-08 18:30;2026-09-25 03:07
124245660;34129;2026-10-08 18:46;2026-09-25 03:07
124245660;34129;2026-10-08 19:02;2026-09-25 03:07
124245660;34129;2026-10-08 19:18;2026-09-25 03:07
124245660;34129;2026-10-09 07:47;2026-09-25 03:07
124245660;34129;2026-10-09 08:03;2026-09-25 03:07
124245660;34129;2026-10-09 08:19;2026-09-25 03:07
124245660;34129;2026-10-09 08:35;2026-09-25 03:07
124245660;34129;2026-10-09 08:51;2026-09-25 03:07
124245660;34129;2026-10-09 11:28;2026-09-25 03:07
124245660;34129;2026-10-09 11:44;2026-09-25 03:07
124245660;34129;2026-10-09 12:00;2026-09-25 03:07
124245660;34129;2026-10-09 12:16;2026-09-25 03:07
124245660;34129;2026-10-09 12:32;2026-09-25 03:07
124245660;34129;2026-10-09 12:48;2026-09-25 03:07
124245660;33986;2026-09-25 16:58;2026-09-25 03:07
124245660;33986;2026-10-05 17:20;2026-09-25 03:07
124245660;33986;2026-10-06 12:48;2026-09-25 03:07
124245660;33986;2026-10-07 16:59;2026-09-25 03:07
124245660;33986;2026-10-09 16:48;2026-09-25 03:07
124245660;33986;2026-10-12 08:20;2026-09-25 03:07
124245660;33986;2026-10-12 08:36;2026-09-25 03:07
124245660;33986;2026-10-12 08:52;2026-09-25 03:07
124245660;33986;2026-10-12 09:08;2026-09-25 03:07
124245660;33986;2026-10-12 09:24;2026-09-25 03:07
124245660;33986;2026-10-12 09:40;2026-09-25 03:07
124245660;33986;2026-10-12 09:56;2026-09-25 03:07
124245660;33986;2026-10-12 10:12;2026-09-25 03:07
124245660;33986;2026-10-12 10:28;2026-09-25 03:07
124245660;33986;2026-10-12 13:20;2026-09-25 03:07
124245660;33986;2026-10-13 13:24;2026-09-25 03:07
124245660;33986;2026-10-13 13:40;2026-09-25 03:07
124245660;33986;2026-10-13 16:48;2026-09-25 03:07
124245660;33986;2026-10-14 07:46;2026-09-25 03:07
124245660;33986;2026-10-14 08:02;2026-09-25 03:07
124245660;33986;2026-10-14 08:18;2026-09-25 03:07
124245660;33986;2026-10-14 08:34;2026-09-25 03:07
124245660;33986;2026-10-14 08:50;2026-09-25 03:07
124245660;33986;2026-10-14 14:10;2026-09-25 03:07
124245660;33986;2026-10-15 12:36;2026-09-25 03:07
124245660;33986;2026-10-15 12:52;2026-09-25 03:07
124245660;33986;2026-10-15 13:08;2026-09-25 03:07
124245660;33986;2026-10-15 13:24;2026-09-25 03:07
124245660;33986;2026-10-15 13:40;2026-09-25 03:07
124245660;33986;2026-10-15 13:56;2026-09-25 03:07
124245660;33986;2026-10-15 14:12;2026-09-25 03:07
124245660;33986;2026-10-15 16:48;2026-09-25 03:07
124245660;33986;2026-10-16 08:20;2026-09-25 03:07
124245660;33986;2026-10-16 08:36;2026-09-25 03:07
124245660;33986;2026-10-16 08:52;2026-09-25 03:07
124245660;33986;2026-10-16 09:08;2026-09-25 03:07
124245660;33986;2026-10-16 09:24;2026-09-25 03:07
124245660;33986;2026-10-16 09:40;2026-09-25 03:07
124245660;33986;2026-10-16 09:56;2026-09-25 03:07
124245660;33986;2026-10-16 10:12;2026-09-25 03:07
124245660;33986;2026-10-16 12:48;2026-09-25 03:07
124245660;33986;2026-10-19 13:08;2026-09-25 03:07
124245660;33986;2026-10-19 13:24;2026-09-25 03:07
124245660;33986;2026-10-19 13:40;2026-09-25 03:07
124245660;33986;2026-10-19 13:56;2026-09-25 03:07
124245660;33986;2026-10-19 14:12;2026-09-25 03:07
124245660;33986;2026-10-19 14:28;2026-09-25 03:07
124245660;33986;2026-10-19 17:20;2026-09-25 03:07
124245660;33986;2026-10-20 07:48;2026-09-25 03:07
124245660;33986;2026-10-20 08:04;2026-09-25 03:07
124245660;33986;2026-10-20 08:20;2026-09-25 03:07
124245660;33986;2026-10-20 08:36;2026-09-25 03:07
124245660;33986;2026-10-20 08:52;2026-09-25 03:07
124245660;33986;2026-10-20 09:08;2026-09-25 03:07
124245660;33986;2026-10-20 09:24;2026-09-25 03:07
124245660;33986;2026-10-20 09:40;2026-09-25 03:07
124245660;33986;2026-10-20 09:56;2026-09-25 03:07
124245660;33986;2026-10-20 10:28;2026-09-25 03:07
124245660;33986;2026-10-20 12:48;2026-09-25 03:07
124245660;33986;2026-10-20 13:20;2026-09-25 03:07
124245660;33986;2026-10-20 13:36;2026-09-25 03:07
124245660;33986;2026-10-21 13:30;2026-09-25 03:07
124245660;33986;2026-10-21 14:10;2026-09-25 03:07
124245660;33986;2026-10-21 14:30;2026-09-25 03:07
124245660;33986;2026-10-21 14:50;2026-09-25 03:07
124245660;33986;2026-10-21 16:59;2026-09-25 03:07
124245660;33986;2026-10-21 18:32;2026-09-25 03:07
124245660;33986;2026-10-21 18:48;2026-09-25 03:07
124245660;33986;2026-10-21 19:04;2026-09-25 03:07
124245660;33986;2026-10-22 07:48;2026-09-25 03:07
124245660;33986;2026-10-22 08:04;2026-09-25 03:07
124245660;33986;2026-10-22 08:20;2026-09-25 03:07
124245660;33986;2026-10-22 08:36;2026-09-25 03:07
124245660;33986;2026-10-22 08:52;2026-09-25 03:07
124245660;33986;2026-10-22 09:08;2026-09-25 03:07
124245660;33986;2026-10-22 09:24;2026-09-25 03:07
124245660;33986;2026-10-22 09:40;2026-09-25 03:07
124245660;33986;2026-10-22 09:56;2026-09-25 03:07
124245660;33986;2026-10-22 10:12;2026-09-25 03:07
124245660;33986;2026-10-23 13:08;2026-09-25 03:07
124245660;33986;2026-10-23 13:24;2026-09-25 03:07
124245660;33986;2026-10-23 13:40;2026-09-25 03:07
124245660;33986;2026-10-23 13:56;2026-09-25 03:07
124245660;33986;2026-10-23 14:12;2026-09-25 03:07
124245660;33986;2026-10-23 14:28;2026-09-25 03:07
124245660;33986;2026-10-23 16:48;2026-09-25 03:07
124245660;33986;2026-10-23 17:36;2026-09-25 03:07
124245660;33986;2026-10-23 17:52;2026-09-25 03:07
124245660;33986;2026-10-23 18:08;2026-09-25 03:07
124245660;33986;2026-10-23 18:24;2026-09-25 03:07
124245660;33986;2026-10-23 18:40;2026-09-25 03:07
124245660;33986;2026-10-23 18:56;2026-09-25 03:07
124245660;33663;2026-09-29 10:30;2026-09-25 03:07
124245660;33663;2026-09-30 14:50;2026-09-25 03:07
124245660;33663;2026-10-01 09:45;2026-09-25 03:07
124245660;33663;2026-10-02 16:35;2026-09-25 03:07
124245660;33663;2026-10-05 10:30;2026-09-25 03:07
124245660;33663;2026-10-06 14:50;2026-09-25 03:07
124245660;33663;2026-10-07 09:45;2026-09-25 03:07
124245660;33663;2026-10-08 14:45;2026-09-25 03:07
124245660;33663;2026-10-09 10:30;2026-09-25 03:07
124245660;33663;2026-10-12 14:50;2026-09-25 03:07
124245660;33663;2026-10-13 10:30;2026-09-25 03:07
124245660;33663;2026-10-15 07:40;2026-09-25 03:07
124245660;33663;2026-10-15 09:45;2026-09-25 03:07
124245660;33663;2026-10-16 16:35;2026-09-25 03:07
124245660;33663;2026-10-19 10:30;2026-09-25 03:07
124245660;33663;2026-10-20 14:50;2026-09-25 03:07
124245660;33663;2026-10-20 15:05;2026-09-25 03:07
124245660;33663;2026-10-20 16:30;2026-09-25 03:07
124245660;33663;2026-10-20 16:55;2026-09-25 03:07
124245660;33663;2026-10-20 18:05;2026-09-25 03:07
124245660;33663;2026-10-20 18:20;2026-09-25 03:07
124245660;33663;2026-10-20 18:45;2026-09-25 03:07
124245660;33663;2026-10-21 07:15;2026-09-25 03:07
124245660;33663;2026-10-21 07:30;2026-09-25 03:07
124245660;33663;2026-10-21 07:45;2026-09-25 03:07
124245660;33663;2026-10-21 08:25;2026-09-25 03:07
124245660;33663;2026-10-21 09:05;2026-09-25 03:07
124245660;33663;2026-10-21 09:20;2026-09-25 03:07
124245660;33663;2026-10-21 09:45;2026-09-25 03:07
124245660;33663;2026-10-21 11:15;2026-09-25 03:07
124245660;33663;2026-10-21 11:40;2026-09-25 03:07
124245660;33663;2026-10-21 11:55;2026-09-25 03:07
124245660;33663;2026-10-21 12:20;2026-09-25 03:07
124245660;33663;2026-10-21 12:35;2026-09-25 03:07
124245660;33663;2026-10-22 13:40;2026-09-25 03:07
124245660;33663;2026-10-22 14:20;2026-09-25 03:07
124245660;33663;2026-10-22 14:45;2026-09-25 03:07
124245660;33663;2026-10-22 15:15;2026-09-25 03:07
124245660;33663;2026-10-22 16:55;2026-09-25 03:07
124245660;33663;2026-10-22 17:10;2026-09-25 03:07
124245660;33663;2026-10-22 17:25;2026-09-25 03:07
124245660;33663;2026-10-22 17:40;2026-09-25 03:07
124245660;33663;2026-10-22 18:05;2026-09-25 03:07
124245660;33663;2026-10-22 18:20;2026-09-25 03:07
124245660;33663;2026-10-22 18:45;2026-09-25 03:07
124245660;33663;2026-10-22 19:00;2026-09-25 03:07
124245660;33663;2026-10-22 19:15;2026-09-25 03:07
124245660;33663;2026-10-23 07:15;2026-09-25 03:07
124245660;33663;2026-10-23 07:30;2026-09-25 03:07
124245660;33663;2026-10-23 07:45;2026-09-25 03:07
124245660;33663;2026-10-23 08:25;2026-09-25 03:07
124245660;33663;2026-10-23 08:40;2026-09-25 03:07
124245660;33663;2026-10-23 09:05;2026-09-25 03:07
124245660;33663;2026-10-23 09:45;2026-09-25 03:07
124245660;33663;2026-10-23 10:30;2026-09-25 03:07
124245660;33663;2026-10-23 10:45;2026-09-25 03:07
124245660;33663;2026-10-23 11:00;2026-09-25 03:07
124245660;33663;2026-10-23 11:15;2026-09-25 03:07
124245660;33663;2026-10-23 11:55;2026-09-25 03:07
124245660;33663;2026-10-23 12:10;2026-09-25 03:07
124245660;33663;2026-10-23 12:25;2026-09-25 03:07
124245660;33663;2026-10-23 12:55;2026-09-25 03:07
124245660;32790;2026-09-25 08:40;2026-09-25 03:07
124245660;32790;2026-10-12 14:50;2026-09-25 03:07
124245660;32790;2026-10-13 10:30;2026-09-25 03:07
124245660;32790;2026-10-14 14:50;2026-09-25 03:07
124245660;32790;2026-10-15 09:45;2026-09-25 03:07
124245660;32790;2026-10-16 16:35;2026-09-25 03:07
124245660;32790;2026-10-19 10:30;2026-09-25 03:07
124245660;32790;2026-10-21 09:45;2026-09-25 03:07
124245660;32790;2026-10-22 14:45;2026-09-25 03:07
124245660;32790;2026-10-23 10:30;2026-09-25 03:07
124245660;28129;2026-09-28 14:50;2026-09-25 03:07
124245660;28129;2026-09-29 10:30;2026-09-25 03:07
124245660;28129;2026-09-30 14:50;2026-09-25 03:07
124245660;28129;2026-10-01 09:45;2026-09-25 03:07
124245660;28129;2026-10-02 16:35;2026-09-25 03:07
124245660;28129;2026-10-12 14:50;2026-09-25 03:07
124245660;28129;2026-10-13 07:30;2026-09-25 03:07
124245660;28129;2026-10-13 07:45;2026-09-25 03:07
124245660;28129;2026-10-13 10:30;2026-09-25 03:07
124245660;28129;2026-10-14 14:25;2026-09-25 03:07
124245660;28129;2026-10-14 14:50;2026-09-25 03:07
124245660;28129;2026-10-14 15:15;2026-09-25 03:07
124245660;28129;2026-10-14 16:00;2026-09-25 03:07
124245660;28129;2026-10-14 16:15;2026-09-25 03:07
124245660;28129;2026-10-14 17:10;2026-09-25 03:07
124245660;28129;2026-10-14 17:25;2026-09-25 03:07
124245660;28129;2026-10-14 17:40;2026-09-25 03:07
124245660;28129;2026-10-14 18:05;2026-09-25 03:07
124245660;28129;2026-10-14 18:45;2026-09-25 03:07
124245660;28129;2026-10-14 19:00;2026-09-25 03:07
124245660;28129;2026-10-14 19:15;2026-09-25 03:07
124245660;28129;2026-10-15 07:15;2026-09-25 03:07
124245660;28129;2026-10-15 07:40;2026-09-25 03:07
124245660;28129;2026-10-15 07:55;2026-09-25 03:07
124245660;28129;2026-10-15 09:00;2026-09-25 03:07
124245660;28129;2026-10-15 09:15;2026-09-25 03:07
124245660;28129;2026-10-15 09:45;2026-09-25 03:07
124245660;28129;2026-10-15 11:00;2026-09-25 03:07
124245660;28129;2026-10-15 11:15;2026-09-25 03:07
124245660;28129;2026-10-15 11:40;2026-09-25 03:07
124245660;28129;2026-10-15 11:55;2026-09-25 03:07
124245660;28129;2026-10-15 12:20;2026-09-25 03:07
124245660;28129;2026-10-15 12:35;2026-09-25 03:07
124245660;28129;2026-10-15 12:50;2026-09-25 03:07
124245660;28129;2026-10-15 13:05;2026-09-25 03:07
124245660;28129;2026-10-16 14:45;2026-09-25 03:07
124245660;28129;2026-10-16 16:35;2026-09-25 03:07
124245660;28129;2026-10-16 16:50;2026-09-25 03:07
124245660;28129;2026-10-16 17:15;2026-09-25 03:07
124245660;28129;2026-10-16 17:30;2026-09-25 03:07
124245660;28129;2026-10-16 17:45;2026-09-25 03:07
124245660;28129;2026-10-16 18:00;2026-09-25 03:07
124245660;28129;2026-10-16 18:15;2026-09-25 03:07
124245660;28129;2026-10-16 18:40;2026-09-25 03:07
124245660;28129;2026-10-16 19:05;2026-09-25 03:07
124245660;28129;2026-10-16 19:20;2026-09-25 03:07
124245660;28129;2026-10-19 07:15;2026-09-25 03:07
124245660;28129;2026-10-19 07:30;2026-09-25 03:07
124245660;28129;2026-10-19 07:45;2026-09-25 03:07
124245660;28129;2026-10-19 09:05;2026-09-25 03:07
124245660;28129;2026-10-19 09:45;2026-09-25 03:07
124245660;28129;2026-10-19 10:30;2026-09-25 03:07
124245660;28129;2026-10-19 10:45;2026-09-25 03:07
124245660;28129;2026-10-19 11:15;2026-09-25 03:07
124245660;28129;2026-10-19 11:55;2026-09-25 03:07
124245660;28129;2026-10-19 12:10;2026-09-25 03:07
124245660;28129;2026-10-19 12:25;2026-09-25 03:07
124245660;28129;2026-10-19 12:40;2026-09-25 03:07
124245660;28129;2026-10-20 13:55;2026-09-25 03:07
124245660;28129;2026-10-20 14:25;2026-09-25 03:07
124245660;28129;2026-10-20 14:50;2026-09-25 03:07
124245660;28129;2026-10-20 15:05;2026-09-25 03:07
124245660;28129;2026-10-20 16:00;2026-09-25 03:07
124245660;28129;2026-10-20 16:30;2026-09-25 03:07
124245660;28129;2026-10-20 16:55;2026-09-25 03:07
124245660;28129;2026-10-20 17:25;2026-09-25 03:07
124245660;28129;2026-10-20 17:40;2026-09-25 03:07
124245660;28129;2026-10-20 18:05;2026-09-25 03:07
124245660;28129;2026-10-20 18:20;2026-09-25 03:07
124245660;28129;2026-10-20 18:45;2026-09-25 03:07
124245660;28129;2026-10-20 19:00;2026-09-25 03:07
124245660;28129;2026-10-20 19:15;2026-09-25 03:07
124245660;28129;2026-10-20 19:30;2026-09-25 03:07
124245660;28129;2026-10-21 07:15;2026-09-25 03:07
124245660;28129;2026-10-21 07:45;2026-09-25 03:07
124245660;28129;2026-10-21 08:00;2026-09-25 03:07
124245660;28129;2026-10-21 08:25;2026-09-25 03:07
124245660;28129;2026-10-21 09:05;2026-09-25 03:07
124245660;28129;2026-10-21 09:20;2026-09-25 03:07
124245660;28129;2026-10-21 09:45;2026-09-25 03:07
124245660;28129;2026-10-21 10:45;2026-09-25 03:07
124245660;28129;2026-10-21 11:00;2026-09-25 03:07
124245660;28129;2026-10-21 11:15;2026-09-25 03:07
124245660;28129;2026-10-21 11:40;2026-09-25 03:07
124245660;28129;2026-10-21 11:55;2026-09-25 03:07
124245660;28129;2026-10-21 12:20;2026-09-25 03:07
124245660;28129;2026-10-21 12:35;2026-09-25 03:07
124245660;28129;2026-10-22 14:20;2026-09-25 03:07
124245660;28129;2026-10-22 14:45;2026-09-25 03:07
124245660;28129;2026-10-22 15:00;2026-09-25 03:07
124245660;28129;2026-10-22 15:15;2026-09-25 03:07
124245660;28129;2026-10-22 16:00;2026-09-25 03:07
124245660;28129;2026-10-22 16:15;2026-09-25 03:07
124245660;28129;2026-10-22 16:55;2026-09-25 03:07
124245660;28129;2026-10-22 17:10;2026-09-25 03:07
124245660;28129;2026-10-22 17:25;2026-09-25 03:07
124245660;28129;2026-10-22 17:40;2026-09-25 03:07
124245660;28129;2026-10-22 18:05;2026-09-25 03:07
124245660;28129;2026-10-22 18:20;2026-09-25 03:07
124245660;28129;2026-10-22 18:45;2026-09-25 03:07
124245660;28129;2026-10-22 19:00;2026-09-25 03:07
124245660;28129;2026-10-22 19:15;2026-09-25 03:07
124245660;28129;2026-10-22 19:30;2026-09-25 03:07
124245660;28129;2026-10-23 07:55;2026-09-25 03:07
124245660;28129;2026-10-23 08:40;2026-09-25 03:07
124245660;28129;2026-10-23 09:00;2026-09-25 03:07
124245660;28129;2026-10-23 09:45;2026-09-25 03:07
124245660;28129;2026-10-23 10:30;2026-09-25 03:07
124245660;28129;2026-10-23 11:30;2026-09-25 03:07
124245660;28129;2026-10-23 12:40;2026-09-25 03:07
124245660;26535;2026-09-25 09:21;2026-09-25 03:07
124245660;26535;2026-09-25 11:26;2026-09-25 03:07
124245660;26535;2026-09-29 09:05;2026-09-25 03:07
124245660;26535;2026-09-29 09:37;2026-09-25 03:07
124245660;26535;2026-09-29 11:26;2026-09-25 03:07
124245660;26535;2026-09-29 11:58;2026-09-25 03:07
124245660;26535;2026-09-29 12:14;2026-09-25 03:07
124245660;26535;2026-09-29 12:30;2026-09-25 03:07
124245660;26535;2026-09-29 13:02;2026-09-25 03:07
124245660;26535;2026-09-29 13:18;2026-09-25 03:07
124245660;26535;2026-09-29 13:34;2026-09-25 03:07
124245660;26535;2026-09-30 14:40;2026-09-25 03:07
124245660;26535;2026-09-30 17:48;2026-09-25 03:07
124245660;26535;2026-10-01 08:33;2026-09-25 03:07
124245660;26535;2026-10-01 08:49;2026-09-25 03:07
124245660;26535;2026-10-01 09:05;2026-09-25 03:07
124245660;26535;2026-10-01 09:21;2026-09-25 03:07
124245660;26535;2026-10-01 09:37;2026-09-25 03:07
124245660;26535;2026-10-01 11:41;2026-09-25 03:07
124245660;26535;2026-10-01 11:57;2026-09-25 03:07
124245660;26535;2026-10-01 12:29;2026-09-25 03:07
124245660;26535;2026-10-01 12:45;2026-09-25 03:07
124245660;26535;2026-10-01 13:01;2026-09-25 03:07
124245660;26535;2026-10-01 13:17;2026-09-25 03:07
124245660;26535;2026-10-02 14:52;2026-09-25 03:07
124245660;26535;2026-10-02 16:56;2026-09-25 03:07
124245660;26535;2026-10-05 17:29;2026-09-25 03:07
124245660;26535;2026-10-05 19:21;2026-09-25 03:07
124245660;26535;2026-10-06 08:17;2026-09-25 03:07
124245660;26535;2026-10-06 08:33;2026-09-25 03:07
124245660;26535;2026-10-06 08:49;2026-09-25 03:07
124245660;26535;2026-10-06 09:05;2026-09-25 03:07
124245660;26535;2026-10-06 09:21;2026-09-25 03:07
124245660;26535;2026-10-06 09:37;2026-09-25 03:07
124245660;26535;2026-10-06 09:53;2026-09-25 03:07
124245660;26535;2026-10-06 11:41;2026-09-25 03:07
124245660;26535;2026-10-06 11:57;2026-09-25 03:07
124245660;26535;2026-10-06 12:29;2026-09-25 03:07
124245660;26535;2026-10-06 12:45;2026-09-25 03:07
124245660;26535;2026-10-06 13:01;2026-09-25 03:07
124245660;26535;2026-10-06 13:17;2026-09-25 03:07
124245660;26535;2026-10-07 14:00;2026-09-25 03:07
124245660;26535;2026-10-07 14:20;2026-09-25 03:07
124245660;26535;2026-10-07 14:40;2026-09-25 03:07
124245660;26535;2026-10-07 15:00;2026-09-25 03:07
124245660;26535;2026-10-07 15:20;2026-09-25 03:07
124245660;26535;2026-10-07 16:10;2026-09-25 03:07
124245660;26535;2026-10-07 16:30;2026-09-25 03:07
124245660;26535;2026-10-07 16:50;2026-09-25 03:07
124245660;26535;2026-10-07 17:35;2026-09-25 03:07
124245660;26535;2026-10-07 19:24;2026-09-25 03:07
124245660;26535;2026-10-08 08:17;2026-09-25 03:07
124245660;26535;2026-10-08 08:33;2026-09-25 03:07
124245660;26535;2026-10-08 08:49;2026-09-25 03:07
124245660;26535;2026-10-08 09:05;2026-09-25 03:07
124245660;26535;2026-10-08 09:21;2026-09-25 03:07
124245660;26535;2026-10-08 11:41;2026-09-25 03:07
124245660;26535;2026-10-08 11:57;2026-09-25 03:07
124245660;26535;2026-10-08 12:29;2026-09-25 03:07
124245660;26535;2026-10-09 08:17;2026-09-25 03:07
124245660;26535;2026-10-09 08:49;2026-09-25 03:07
124245660;26535;2026-10-09 09:05;2026-09-25 03:07
124245660;26535;2026-10-09 09:21;2026-09-25 03:07
124245660;26535;2026-10-09 09:37;2026-09-25 03:07
124245660;26535;2026-10-09 09:53;2026-09-25 03:07
124245660;26535;2026-10-09 11:41;2026-09-25 03:07
124245660;26535;2026-10-09 11:57;2026-09-25 03:07
124245660;26535;2026-10-09 12:13;2026-09-25 03:07
124245660;26535;2026-10-09 12:29;2026-09-25 03:07
124245660;26535;2026-10-09 12:45;2026-09-25 03:07
124245660;26535;2026-10-09 13:01;2026-09-25 03:07
124245660;26535;2026-10-09 13:17;2026-09-25 03:07
124245660;26535;2026-10-12 14:36;2026-09-25 03:07
124245660;26535;2026-10-12 14:52;2026-09-25 03:07
124245660;26535;2026-10-12 17:29;2026-09-25 03:07
124245660;26535;2026-10-12 18:17;2026-09-25 03:07
124245660;26535;2026-10-12 19:05;2026-09-25 03:07
124245660;26535;2026-10-12 19:21;2026-09-25 03:07
124245660;26535;2026-10-13 08:17;2026-09-25 03:07
124245660;26535;2026-10-13 08:33;2026-09-25 03:07
124245660;26535;2026-10-13 08:49;2026-09-25 03:07
124245660;26535;2026-10-13 09:05;2026-09-25 03:07
124245660;26535;2026-10-13 09:21;2026-09-25 03:07
124245660;26535;2026-10-13 09:37;2026-09-25 03:07
124245660;26535;2026-10-13 09:53;2026-09-25 03:07
124245660;26535;2026-10-13 11:41;2026-09-25 03:07
124245660;26535;2026-10-13 11:57;2026-09-25 03:07
124245660;26535;2026-10-13 12:13;2026-09-25 03:07
124245660;26535;2026-10-13 12:29;2026-09-25 03:07
124245660;26535;2026-10-13 12:45;2026-09-25 03:07
124245660;26535;2026-10-13 13:01;2026-09-25 03:07
124245660;26535;2026-10-13 13:17;2026-09-25 03:07
124245660;26535;2026-10-14 14:00;2026-09-25 03:07
124245660;26535;2026-10-14 15:20;2026-09-25 03:07
124245660;26535;2026-10-14 16:10;2026-09-25 03:07
124245660;26535;2026-10-14 17:35;2026-09-25 03:07
124245660;26535;2026-10-14 18:36;2026-09-25 03:07
124245660;26535;2026-10-14 18:52;2026-09-25 03:07
124245660;26535;2026-10-14 19:08;2026-09-25 03:07
124245660;26535;2026-10-15 08:17;2026-09-25 03:07
124245660;26535;2026-10-15 08:33;2026-09-25 03:07
124245660;26535;2026-10-15 08:49;2026-09-25 03:07
124245660;26535;2026-10-15 09:05;2026-09-25 03:07
124245660;26535;2026-10-15 09:21;2026-09-25 03:07
124245660;26535;2026-10-15 09:37;2026-09-25 03:07
124245660;26535;2026-10-15 11:41;2026-09-25 03:07
124245660;26535;2026-10-15 11:57;2026-09-25 03:07
124245660;26535;2026-10-15 12:13;2026-09-25 03:07
124245660;26535;2026-10-15 12:29;2026-09-25 03:07
124245660;26535;2026-10-15 12:45;2026-09-25 03:07
124245660;26535;2026-10-15 13:01;2026-09-25 03:07
124245660;26535;2026-10-15 13:17;2026-09-25 03:07
124245660;26535;2026-10-16 14:36;2026-09-25 03:07
124245660;26535;2026-10-16 14:52;2026-09-25 03:07
124245660;26535;2026-10-16 16:56;2026-09-25 03:07
124245660;26535;2026-10-16 17:44;2026-09-25 03:07
124245660;26535;2026-10-16 18:16;2026-09-25 03:07
124245660;26535;2026-10-16 18:32;2026-09-25 03:07
124245660;26535;2026-10-16 18:48;2026-09-25 03:07
124245660;26535;2026-10-16 19:04;2026-09-25 03:07
124245660;26535;2026-10-16 19:20;2026-09-25 03:07
124245660;26535;2026-10-19 14:20;2026-09-25 03:07
124245660;26535;2026-10-19 14:36;2026-09-25 03:07
124245660;26535;2026-10-19 14:52;2026-09-25 03:07
124245660;26535;2026-10-19 16:09;2026-09-25 03:07
124245660;26535;2026-10-19 17:29;2026-09-25 03:07
124245660;26535;2026-10-19 17:45;2026-09-25 03:07
124245660;26535;2026-10-19 18:01;2026-09-25 03:07
124245660;26535;2026-10-19 18:33;2026-09-25 03:07
124245660;26535;2026-10-19 18:49;2026-09-25 03:07
124245660;26535;2026-10-19 19:05;2026-09-25 03:07
124245660;26535;2026-10-19 19:21;2026-09-25 03:07
124245660;26535;2026-10-20 08:17;2026-09-25 03:07
124245660;26535;2026-10-20 08:33;2026-09-25 03:07
124245660;26535;2026-10-20 08:49;2026-09-25 03:07
124245660;26535;2026-10-20 09:05;2026-09-25 03:07
124245660;26535;2026-10-20 09:21;2026-09-25 03:07
124245660;26535;2026-10-20 09:37;2026-09-25 03:07
124245660;26535;2026-10-20 11:41;2026-09-25 03:07
124245660;26535;2026-10-20 11:57;2026-09-25 03:07
124245660;26535;2026-10-20 12:13;2026-09-25 03:07
124245660;26535;2026-10-20 12:29;2026-09-25 03:07
124245660;26535;2026-10-20 12:45;2026-09-25 03:07
124245660;26535;2026-10-20 13:01;2026-09-25 03:07
124245660;26535;2026-10-21 14:40;2026-09-25 03:07
124245660;26535;2026-10-21 15:00;2026-09-25 03:07
124245660;26535;2026-10-21 15:20;2026-09-25 03:07
124245660;26535;2026-10-21 16:30;2026-09-25 03:07
124245660;26535;2026-10-21 17:35;2026-09-25 03:07
124245660;26535;2026-10-21 19:08;2026-09-25 03:07
124245660;26535;2026-10-21 19:24;2026-09-25 03:07
124245660;26535;2026-10-22 08:17;2026-09-25 03:07
124245660;26535;2026-10-22 08:33;2026-09-25 03:07
124245660;26535;2026-10-22 08:49;2026-09-25 03:07
124245660;26535;2026-10-22 09:05;2026-09-25 03:07
124245660;26535;2026-10-22 09:21;2026-09-25 03:07
124245660;26535;2026-10-22 09:37;2026-09-25 03:07
124245660;26535;2026-10-22 09:53;2026-09-25 03:07
124245660;26535;2026-10-22 11:41;2026-09-25 03:07
124245660;26535;2026-10-22 11:57;2026-09-25 03:07
124245660;26535;2026-10-22 12:13;2026-09-25 03:07
124245660;26535;2026-10-22 12:29;2026-09-25 03:07
124245660;26535;2026-10-23 08:17;2026-09-25 03:07
124245660;26535;2026-10-23 08:33;2026-09-25 03:07
124245660;26535;2026-10-23 08:49;2026-09-25 03:07
124245660;26535;2026-10-23 09:05;2026-09-25 03:07
124245660;26535;2026-10-23 09:21;2026-09-25 03:07
124245660;26535;2026-10-23 09:37;2026-09-25 03:07
124245660;26535;2026-10-23 09:53;2026-09-25 03:07
124245660;26535;2026-10-23 11:41;2026-09-25 03:07
124245660;26535;2026-10-23 11:57;2026-09-25 03:07
124245660;26535;2026-10-23 12:13;2026-09-25 03:07
124245660;26535;2026-10-23 12:29;2026-09-25 03:07
124245660;26535;2026-10-23 12:45;2026-09-25 03:07
124245660;26535;2026-10-23 13:01;2026-09-25 03:07
124245660;24987;2026-09-28 10:30;2026-09-25 03:07
124245660;24987;2026-09-29 14:50;2026-09-25 03:07
124245660;24987;2026-09-30 09:45;2026-09-25 03:07
124245660;24987;2026-10-01 14:45;2026-09-25 03:07
124245660;24987;2026-10-02 10:30;2026-09-25 03:07
124245660;24987;2026-10-05 14:50;2026-09-25 03:07
124245660;24987;2026-10-06 10:30;2026-09-25 03:07
124245660;24987;2026-10-07 14:50;2026-09-25 03:07
124245660;24987;2026-10-08 09:45;2026-09-25 03:07
124245660;24987;2026-10-09 16:35;2026-09-25 03:07
124245660;24987;2026-10-12 10:30;2026-09-25 03:07
124245660;24987;2026-10-13 14:50;2026-09-25 03:07
124245660;24987;2026-10-14 09:45;2026-09-25 03:07
124245660;24987;2026-10-15 14:45;2026-09-25 03:07
124245660;24987;2026-10-16 10:30;2026-09-25 03:07
124245660;24987;2026-10-19 14:50;2026-09-25 03:07
124245660;24987;2026-10-19 19:00;2026-09-25 03:07
124245660;24987;2026-10-19 19:15;2026-09-25 03:07
124245660;24987;2026-10-19 19:30;2026-09-25 03:07
124245660;24987;2026-10-20 07:15;2026-09-25 03:07
124245660;24987;2026-10-20 07:30;2026-09-25 03:07
124245660;24987;2026-10-20 07:45;2026-09-25 03:07
124245660;24987;2026-10-20 08:00;2026-09-25 03:07
124245660;24987;2026-10-20 09:35;2026-09-25 03:07
124245660;24987;2026-10-20 10:30;2026-09-25 03:07
124245660;24987;2026-10-20 11:15;2026-09-25 03:07
124245660;24987;2026-10-20 11:40;2026-09-25 03:07
124245660;24987;2026-10-20 12:10;2026-09-25 03:07
124245660;24987;2026-10-20 12:25;2026-09-25 03:07
124245660;24987;2026-10-21 14:50;2026-09-25 03:07
124245660;24987;2026-10-21 16:15;2026-09-25 03:07
124245660;24987;2026-10-21 16:55;2026-09-25 03:07
124245660;24987;2026-10-21 17:10;2026-09-25 03:07
124245660;24987;2026-10-21 17:25;2026-09-25 03:07
124245660;24987;2026-10-21 17:40;2026-09-25 03:07
124245660;24987;2026-10-21 18:20;2026-09-25 03:07
124245660;24987;2026-10-21 18:45;2026-09-25 03:07
124245660;24987;2026-10-21 19:00;2026-09-25 03:07
124245660;24987;2026-10-21 19:15;2026-09-25 03:07
124245660;24987;2026-10-21 19:30;2026-09-25 03:07
124245660;24987;2026-10-22 07:15;2026-09-25 03:07
124245660;24987;2026-10-22 07:40;2026-09-25 03:07
124245660;24987;2026-10-22 07:55;2026-09-25 03:07
124245660;24987;2026-10-22 08:20;2026-09-25 03:07
124245660;24987;2026-10-22 09:15;2026-09-25 03:07
124245660;24987;2026-10-22 09:30;2026-09-25 03:07
124245660;24987;2026-10-22 09:45;2026-09-25 03:07
124245660;24987;2026-10-22 10:45;2026-09-25 03:07
124245660;24987;2026-10-22 11:00;2026-09-25 03:07
124245660;24987;2026-10-22 11:15;2026-09-25 03:07
124245660;24987;2026-10-22 11:40;2026-09-25 03:07
124245660;24987;2026-10-22 11:55;2026-09-25 03:07
124245660;24987;2026-10-22 12:20;2026-09-25 03:07
124245660;24987;2026-10-22 12:50;2026-09-25 03:07
124245660;24987;2026-10-22 13:05;2026-09-25 03:07
124245660;24987;2026-10-23 14:45;2026-09-25 03:07
124245660;24987;2026-10-23 15:15;2026-09-25 03:07
124245660;24987;2026-10-23 16:35;2026-09-25 03:07
124245660;24987;2026-10-23 16:50;2026-09-25 03:07
124245660;24987;2026-10-23 17:15;2026-09-25 03:07
124245660;24987;2026-10-23 17:30;2026-09-25 03:07
124245660;24987;2026-10-23 17:45;2026-09-25 03:07
124245660;24987;2026-10-23 18:00;2026-09-25 03:07
124245660;24987;2026-10-23 18:15;2026-09-25 03:07
124245660;24987;2026-10-23 18:40;2026-09-25 03:07
124245660;24987;2026-10-23 19:05;2026-09-25 03:07
124245660;24987;2026-10-23 19:20;2026-09-25 03:07
124245660;24980;2026-10-06 11:57;2026-09-25 03:07
124245660;24980;2026-10-07 17:33;2026-09-25 03:07
124245660;24980;2026-10-08 11:57;2026-09-25 03:07
124245660;24980;2026-10-12 09:39;2026-09-25 03:07
124245660;24980;2026-10-12 09:55;2026-09-25 03:07
124245660;24980;2026-10-12 12:29;2026-09-25 03:07
124245660;24980;2026-10-13 14:17;2026-09-25 03:07
124245660;24980;2026-10-13 17:07;2026-09-25 03:07
124245660;24980;2026-10-14 07:46;2026-09-25 03:07
124245660;24980;2026-10-14 08:02;2026-09-25 03:07
124245660;24980;2026-10-14 08:18;2026-09-25 03:07
124245660;24980;2026-10-14 08:34;2026-09-25 03:07
124245660;24980;2026-10-14 13:10;2026-09-25 03:07
124245660;24980;2026-10-15 14:17;2026-09-25 03:07
124245660;24980;2026-10-15 14:49;2026-09-25 03:07
124245660;24980;2026-10-15 17:07;2026-09-25 03:07
124245660;24980;2026-10-15 18:27;2026-09-25 03:07
124245660;24980;2026-10-15 18:43;2026-09-25 03:07
124245660;24980;2026-10-15 18:59;2026-09-25 03:07
124245660;24980;2026-10-15 19:15;2026-09-25 03:07
124245660;24980;2026-10-19 14:33;2026-09-25 03:07
124245660;24980;2026-10-19 14:49;2026-09-25 03:07
124245660;24980;2026-10-19 15:05;2026-09-25 03:07
124245660;24980;2026-10-19 17:39;2026-09-25 03:07
124245660;24980;2026-10-20 07:47;2026-09-25 03:07
124245660;24980;2026-10-20 08:19;2026-09-25 03:07
124245660;24980;2026-10-20 08:35;2026-09-25 03:07
124245660;24980;2026-10-20 08:51;2026-09-25 03:07
124245660;24980;2026-10-20 09:07;2026-09-25 03:07
124245660;24980;2026-10-20 09:23;2026-09-25 03:07
124245660;24980;2026-10-20 09:39;2026-09-25 03:07
124245660;24980;2026-10-20 09:55;2026-09-25 03:07
124245660;24980;2026-10-20 11:57;2026-09-25 03:07
124245660;24980;2026-10-20 12:13;2026-09-25 03:07
124245660;24980;2026-10-20 12:29;2026-09-25 03:07
124245660;24980;2026-10-20 12:45;2026-09-25 03:07
124245660;24980;2026-10-20 13:01;2026-09-25 03:07
124245660;24980;2026-10-21 14:40;2026-09-25 03:07
124245660;24980;2026-10-21 15:00;2026-09-25 03:07
124245660;24980;2026-10-21 15:20;2026-09-25 03:07
124245660;24980;2026-10-21 16:30;2026-09-25 03:07
124245660;24980;2026-10-21 17:33;2026-09-25 03:07
124245660;24980;2026-10-22 07:47;2026-09-25 03:07
124245660;24980;2026-10-22 08:03;2026-09-25 03:07
124245660;24980;2026-10-22 08:19;2026-09-25 03:07
124245660;24980;2026-10-22 08:35;2026-09-25 03:07
124245660;24980;2026-10-22 08:51;2026-09-25 03:07
124245660;24980;2026-10-22 09:07;2026-09-25 03:07
124245660;24980;2026-10-22 09:23;2026-09-25 03:07
124245660;24980;2026-10-22 09:39;2026-09-25 03:07
124245660;24980;2026-10-22 09:55;2026-09-25 03:07
124245660;24980;2026-10-22 11:57;2026-09-25 03:07
124245660;24980;2026-10-23 14:17;2026-09-25 03:07
124245660;24980;2026-10-23 14:33;2026-09-25 03:07
124245660;24980;2026-10-23 14:49;2026-09-25 03:07
124245660;24980;2026-10-23 15:05;2026-09-25 03:07
124245660;24980;2026-10-23 17:07;2026-09-25 03:07
124245660;24980;2026-10-23 17:23;2026-09-25 03:07
124245660;24980;2026-10-23 17:39;2026-09-25 03:07
124245660;24980;2026-10-23 17:55;2026-09-25 03:07
124245660;24980;2026-10-23 18:43;2026-09-25 03:07
124245660;24980;2026-10-23 18:59;2026-09-25 03:07
124245660;24980;2026-10-23 19:15;2026-09-25 03:07
124245660;24909;2026-09-25 10:30;2026-09-25 03:07
124245660;24909;2026-09-28 14:50;2026-09-25 03:07
124245660;24909;2026-09-29 09:45;2026-09-25 03:07
124245660;24909;2026-09-30 14:50;2026-09-25 03:07
124245660;24909;2026-10-01 09:45;2026-09-25 03:07
124245660;24909;2026-10-02 16:35;2026-09-25 03:07
124245660;24909;2026-10-05 10:30;2026-09-25 03:07
124245660;24909;2026-10-06 14:50;2026-09-25 03:07
124245660;24909;2026-10-07 09:45;2026-09-25 03:07
124245660;24909;2026-10-08 14:45;2026-09-25 03:07
124245660;24909;2026-10-09 10:30;2026-09-25 03:07
124245660;24909;2026-10-12 14:50;2026-09-25 03:07
124245660;24909;2026-10-13 10:30;2026-09-25 03:07
124245660;24909;2026-10-14 14:50;2026-09-25 03:07
124245660;24909;2026-10-14 18:20;2026-09-25 03:07
124245660;24909;2026-10-14 18:45;2026-09-25 03:07
124245660;24909;2026-10-14 19:00;2026-09-25 03:07
124245660;24909;2026-10-14 19:15;2026-09-25 03:07
124245660;24909;2026-10-15 07:15;2026-09-25 03:07
124245660;24909;2026-10-15 07:40;2026-09-25 03:07
124245660;24909;2026-10-15 07:55;2026-09-25 03:07
124245660;24909;2026-10-15 09:45;2026-09-25 03:07
124245660;24909;2026-10-15 11:00;2026-09-25 03:07
124245660;24909;2026-10-15 11:15;2026-09-25 03:07
124245660;24909;2026-10-15 11:40;2026-09-25 03:07
124245660;24909;2026-10-15 11:55;2026-09-25 03:07
124245660;24909;2026-10-15 12:20;2026-09-25 03:07
124245660;24909;2026-10-15 12:35;2026-09-25 03:07
124245660;24909;2026-10-15 12:50;2026-09-25 03:07
124245660;24909;2026-10-15 13:05;2026-09-25 03:07
124245660;24909;2026-10-16 15:15;2026-09-25 03:07
124245660;24909;2026-10-16 16:35;2026-09-25 03:07
124245660;24909;2026-10-16 17:30;2026-09-25 03:07
124245660;24909;2026-10-16 17:45;2026-09-25 03:07
124245660;24909;2026-10-16 18:00;2026-09-25 03:07
124245660;24909;2026-10-16 18:15;2026-09-25 03:07
124245660;24909;2026-10-16 18:40;2026-09-25 03:07
124245660;24909;2026-10-16 19:05;2026-09-25 03:07
124245660;24909;2026-10-16 19:20;2026-09-25 03:07
124245660;24909;2026-10-19 07:15;2026-09-25 03:07
124245660;24909;2026-10-19 07:30;2026-09-25 03:07
124245660;24909;2026-10-19 07:45;2026-09-25 03:07
124245660;24909;2026-10-19 08:25;2026-09-25 03:07
124245660;24909;2026-10-19 09:05;2026-09-25 03:07
124245660;24909;2026-10-19 09:45;2026-09-25 03:07
124245660;24909;2026-10-19 10:30;2026-09-25 03:07
124245660;24909;2026-10-19 10:45;2026-09-25 03:07
124245660;24909;2026-10-19 11:15;2026-09-25 03:07
124245660;24909;2026-10-19 11:55;2026-09-25 03:07
124245660;24909;2026-10-19 12:10;2026-09-25 03:07
124245660;24909;2026-10-19 12:25;2026-09-25 03:07
124245660;24909;2026-10-19 12:40;2026-09-25 03:07
124245660;24909;2026-10-19 12:55;2026-09-25 03:07
124245660;24909;2026-10-20 13:55;2026-09-25 03:07
124245660;24909;2026-10-20 14:25;2026-09-25 03:07
124245660;24909;2026-10-20 14:50;2026-09-25 03:07
124245660;24909;2026-10-20 15:05;2026-09-25 03:07
124245660;24909;2026-10-20 16:00;2026-09-25 03:07
124245660;24909;2026-10-20 16:30;2026-09-25 03:07
124245660;24909;2026-10-20 16:55;2026-09-25 03:07
124245660;24909;2026-10-20 17:25;2026-09-25 03:07
124245660;24909;2026-10-20 17:40;2026-09-25 03:07
124245660;24909;2026-10-20 18:05;2026-09-25 03:07
124245660;24909;2026-10-20 18:20;2026-09-25 03:07
124245660;24909;2026-10-20 18:45;2026-09-25 03:07
124245660;24909;2026-10-20 19:00;2026-09-25 03:07
124245660;24909;2026-10-20 19:15;2026-09-25 03:07
124245660;24909;2026-10-20 19:30;2026-09-25 03:07
124245660;24909;2026-10-21 07:15;2026-09-25 03:07
124245660;24909;2026-10-21 07:30;2026-09-25 03:07
124245660;24909;2026-10-21 08:00;2026-09-25 03:07
124245660;24909;2026-10-21 08:25;2026-09-25 03:07
124245660;24909;2026-10-21 09:05;2026-09-25 03:07
124245660;24909;2026-10-21 09:20;2026-09-25 03:07
124245660;24909;2026-10-21 09:45;2026-09-25 03:07
124245660;24909;2026-10-21 10:45;2026-09-25 03:07
124245660;24909;2026-10-21 11:00;2026-09-25 03:07
124245660;24909;2026-10-21 11:15;2026-09-25 03:07
124245660;24909;2026-10-21 11:40;2026-09-25 03:07
124245660;24909;2026-10-21 11:55;2026-09-25 03:07
124245660;24909;2026-10-21 12:20;2026-09-25 03:07
124245660;24909;2026-10-21 12:35;2026-09-25 03:07
124245660;24909;2026-10-22 14:45;2026-09-25 03:07
124245660;24909;2026-10-22 15:15;2026-09-25 03:07
124245660;24909;2026-10-22 16:00;2026-09-25 03:07
124245660;24909;2026-10-22 16:15;2026-09-25 03:07
124245660;24909;2026-10-22 16:55;2026-09-25 03:07
124245660;24909;2026-10-22 17:40;2026-09-25 03:07
124245660;24909;2026-10-22 18:05;2026-09-25 03:07
124245660;24909;2026-10-22 18:20;2026-09-25 03:07
124245660;24909;2026-10-22 18:45;2026-09-25 03:07
124245660;24909;2026-10-22 19:00;2026-09-25 03:07
124245660;24909;2026-10-22 19:15;2026-09-25 03:07
124245660;24909;2026-10-22 19:30;2026-09-25 03:07
124245660;24909;2026-10-23 07:30;2026-09-25 03:07
124245660;24909;2026-10-23 07:45;2026-09-25 03:07
124245660;24909;2026-10-23 08:00;2026-09-25 03:07
124245660;24909;2026-10-23 08:25;2026-09-25 03:07
124245660;24909;2026-10-23 08:55;2026-09-25 03:07
124245660;24909;2026-10-23 09:35;2026-09-25 03:07
124245660;24909;2026-10-23 10:30;2026-09-25 03:07
124245660;24909;2026-10-23 11:35;2026-09-25 03:07
124245660;24909;2026-10-23 11:50;2026-09-25 03:07
124245660;24909;2026-10-23 12:15;2026-09-25 03:07
124245660;24909;2026-10-23 12:40;2026-09-25 03:07
124245660;24909;2026-10-23 12:55;2026-09-25 03:07
124245660;24483;2026-09-28 07:48;2026-09-25 03:07
124245660;24483;2026-09-28 08:20;2026-09-25 03:07
124245660;24483;2026-09-28 08:36;2026-09-25 03:07
124245660;24483;2026-09-28 08:52;2026-09-25 03:07
124245660;24483;2026-09-28 09:56;2026-09-25 03:07
124245660;24483;2026-09-28 11:45;2026-09-25 03:07
124245660;24483;2026-09-28 12:49;2026-09-25 03:07
124245660;24483;2026-09-28 13:21;2026-09-25 03:07
124245660;24483;2026-09-28 13:37;2026-09-25 03:07
124245660;24483;2026-09-28 13:53;2026-09-25 03:07
124245660;24483;2026-09-29 12:33;2026-09-25 03:07
124245660;24483;2026-09-29 13:05;2026-09-25 03:07
124245660;24483;2026-09-29 13:21;2026-09-25 03:07
124245660;24483;2026-09-29 13:37;2026-09-25 03:07
124245660;24483;2026-09-29 13:53;2026-09-25 03:07
124245660;24483;2026-09-29 14:25;2026-09-25 03:07
124245660;24483;2026-09-29 16:43;2026-09-25 03:07
124245660;24483;2026-09-29 17:47;2026-09-25 03:07
124245660;24483;2026-09-29 18:19;2026-09-25 03:07
124245660;24483;2026-09-29 19:07;2026-09-25 03:07
124245660;24483;2026-09-30 07:30;2026-09-25 03:07
124245660;24483;2026-09-30 07:46;2026-09-25 03:07
124245660;24483;2026-09-30 08:02;2026-09-25 03:07
124245660;24483;2026-09-30 08:18;2026-09-25 03:07
124245660;24483;2026-09-30 08:34;2026-09-25 03:07
124245660;24483;2026-09-30 08:50;2026-09-25 03:07
124245660;24483;2026-09-30 09:38;2026-09-25 03:07
124245660;24483;2026-09-30 09:54;2026-09-25 03:07
124245660;24483;2026-09-30 11:50;2026-09-25 03:07
124245660;24483;2026-09-30 12:10;2026-09-25 03:07
124245660;24483;2026-09-30 12:30;2026-09-25 03:07
124245660;24483;2026-09-30 12:50;2026-09-25 03:07
124245660;24483;2026-10-01 13:40;2026-09-25 03:07
124245660;24483;2026-10-01 13:56;2026-09-25 03:07
124245660;24483;2026-10-01 14:12;2026-09-25 03:07
124245660;24483;2026-10-01 14:28;2026-09-25 03:07
124245660;24483;2026-10-01 16:48;2026-09-25 03:07
124245660;24483;2026-10-01 17:20;2026-09-25 03:07
124245660;24483;2026-10-01 17:36;2026-09-25 03:07
124245660;24483;2026-10-01 17:52;2026-09-25 03:07
124245660;24483;2026-10-01 18:56;2026-09-25 03:07
124245660;24483;2026-10-01 19:12;2026-09-25 03:07
124245660;24483;2026-10-02 08:20;2026-09-25 03:07
124245660;24483;2026-10-02 08:36;2026-09-25 03:07
124245660;24483;2026-10-02 09:08;2026-09-25 03:07
124245660;24483;2026-10-02 09:24;2026-09-25 03:07
124245660;24483;2026-10-02 09:40;2026-09-25 03:07
124245660;24483;2026-10-02 10:12;2026-09-25 03:07
124245660;24483;2026-10-02 11:44;2026-09-25 03:07
124245660;24483;2026-10-02 12:00;2026-09-25 03:07
124245660;24483;2026-10-02 13:04;2026-09-25 03:07
124245660;24483;2026-10-02 13:20;2026-09-25 03:07
124245660;24483;2026-10-02 13:36;2026-09-25 03:07
124245660;24483;2026-10-02 13:52;2026-09-25 03:07
124245660;24483;2026-10-05 08:36;2026-09-25 03:07
124245660;24483;2026-10-05 08:52;2026-09-25 03:07
124245660;24483;2026-10-05 09:08;2026-09-25 03:07
124245660;24483;2026-10-05 09:24;2026-09-25 03:07
124245660;24483;2026-10-05 09:40;2026-09-25 03:07
124245660;24483;2026-10-05 09:56;2026-09-25 03:07
124245660;24483;2026-10-05 10:12;2026-09-25 03:07
124245660;24483;2026-10-05 13:04;2026-09-25 03:07
124245660;24483;2026-10-05 13:20;2026-09-25 03:07
124245660;24483;2026-10-05 13:36;2026-09-25 03:07
124245660;24483;2026-10-06 13:24;2026-09-25 03:07
124245660;24483;2026-10-06 13:40;2026-09-25 03:07
124245660;24483;2026-10-06 13:56;2026-09-25 03:07
124245660;24483;2026-10-06 14:12;2026-09-25 03:07
124245660;24483;2026-10-06 14:28;2026-09-25 03:07
124245660;24483;2026-10-06 16:48;2026-09-25 03:07
124245660;24483;2026-10-06 17:20;2026-09-25 03:07
124245660;24483;2026-10-06 18:08;2026-09-25 03:07
124245660;24483;2026-10-06 18:24;2026-09-25 03:07
124245660;24483;2026-10-06 18:40;2026-09-25 03:07
124245660;24483;2026-10-06 18:56;2026-09-25 03:07
124245660;24483;2026-10-06 19:12;2026-09-25 03:07
124245660;24483;2026-10-07 07:46;2026-09-25 03:07
124245660;24483;2026-10-07 08:34;2026-09-25 03:07
124245660;24483;2026-10-07 08:50;2026-09-25 03:07
124245660;24483;2026-10-07 12:10;2026-09-25 03:07
124245660;24483;2026-10-07 12:50;2026-09-25 03:07
124245660;24483;2026-10-07 14:10;2026-09-25 03:07
124245660;24483;2026-10-08 14:12;2026-09-25 03:07
124245660;24483;2026-10-08 14:28;2026-09-25 03:07
124245660;24483;2026-10-08 16:48;2026-09-25 03:07
124245660;24483;2026-10-08 18:56;2026-09-25 03:07
124245660;24483;2026-10-08 19:12;2026-09-25 03:07
124245660;24483;2026-10-12 08:52;2026-09-25 03:07
124245660;24483;2026-10-12 09:08;2026-09-25 03:07
124245660;24483;2026-10-12 09:24;2026-09-25 03:07
124245660;24483;2026-10-12 09:40;2026-09-25 03:07
124245660;24483;2026-10-12 09:56;2026-09-25 03:07
124245660;24483;2026-10-12 10:12;2026-09-25 03:07
124245660;24483;2026-10-12 13:04;2026-09-25 03:07
124245660;24483;2026-10-12 13:20;2026-09-25 03:07
124245660;24483;2026-10-12 13:36;2026-09-25 03:07
124245660;24483;2026-10-12 13:52;2026-09-25 03:07
124245660;24483;2026-10-13 13:08;2026-09-25 03:07
124245660;24483;2026-10-13 13:24;2026-09-25 03:07
124245660;24483;2026-10-13 13:40;2026-09-25 03:07
124245660;24483;2026-10-13 13:56;2026-09-25 03:07
124245660;24483;2026-10-13 14:12;2026-09-25 03:07
124245660;24483;2026-10-13 14:28;2026-09-25 03:07
124245660;24483;2026-10-13 16:48;2026-09-25 03:07
124245660;24483;2026-10-13 17:04;2026-09-25 03:07
124245660;24483;2026-10-13 17:20;2026-09-25 03:07
124245660;24483;2026-10-13 17:36;2026-09-25 03:07
124245660;24483;2026-10-13 17:52;2026-09-25 03:07
124245660;24483;2026-10-13 18:08;2026-09-25 03:07
124245660;24483;2026-10-13 18:24;2026-09-25 03:07
124245660;24483;2026-10-13 18:40;2026-09-25 03:07
124245660;24483;2026-10-13 18:56;2026-09-25 03:07
124245660;24483;2026-10-13 19:12;2026-09-25 03:07
124245660;24483;2026-10-14 07:46;2026-09-25 03:07
124245660;24483;2026-10-14 08:02;2026-09-25 03:07
124245660;24483;2026-10-14 08:18;2026-09-25 03:07
124245660;24483;2026-10-14 08:34;2026-09-25 03:07
124245660;24483;2026-10-14 08:50;2026-09-25 03:07
124245660;24483;2026-10-14 12:30;2026-09-25 03:07
124245660;24483;2026-10-14 12:50;2026-09-25 03:07
124245660;24483;2026-10-14 13:10;2026-09-25 03:07
124245660;24483;2026-10-14 13:50;2026-09-25 03:07
124245660;24483;2026-10-14 14:10;2026-09-25 03:07
124245660;24483;2026-10-15 13:08;2026-09-25 03:07
124245660;24483;2026-10-15 13:24;2026-09-25 03:07
124245660;24483;2026-10-15 13:40;2026-09-25 03:07
124245660;24483;2026-10-15 13:56;2026-09-25 03:07
124245660;24483;2026-10-15 14:12;2026-09-25 03:07
124245660;24483;2026-10-15 14:28;2026-09-25 03:07
124245660;24483;2026-10-15 16:48;2026-09-25 03:07
124245660;24483;2026-10-15 17:04;2026-09-25 03:07
124245660;24483;2026-10-15 18:24;2026-09-25 03:07
124245660;24483;2026-10-15 18:40;2026-09-25 03:07
124245660;24483;2026-10-15 19:12;2026-09-25 03:07
124245660;24483;2026-10-19 08:20;2026-09-25 03:07
124245660;24483;2026-10-19 08:36;2026-09-25 03:07
124245660;24483;2026-10-19 08:52;2026-09-25 03:07
124245660;24483;2026-10-19 09:08;2026-09-25 03:07
124245660;24483;2026-10-19 09:24;2026-09-25 03:07
124245660;24483;2026-10-19 09:40;2026-09-25 03:07
124245660;24483;2026-10-19 09:56;2026-09-25 03:07
124245660;24483;2026-10-19 13:04;2026-09-25 03:07
124245660;24483;2026-10-19 13:20;2026-09-25 03:07
124245660;24483;2026-10-19 13:36;2026-09-25 03:07
124245660;24483;2026-10-19 13:52;2026-09-25 03:07
124245660;24483;2026-10-20 13:24;2026-09-25 03:07
124245660;24483;2026-10-20 13:40;2026-09-25 03:07
124245660;24483;2026-10-20 13:56;2026-09-25 03:07
124245660;24483;2026-10-20 14:12;2026-09-25 03:07
124245660;24483;2026-10-20 14:28;2026-09-25 03:07
124245660;24483;2026-10-20 16:48;2026-09-25 03:07
124245660;24483;2026-10-20 17:04;2026-09-25 03:07
124245660;24483;2026-10-20 17:20;2026-09-25 03:07
124245660;24483;2026-10-20 17:36;2026-09-25 03:07
124245660;24483;2026-10-20 17:52;2026-09-25 03:07
124245660;24483;2026-10-20 18:08;2026-09-25 03:07
124245660;24483;2026-10-20 18:24;2026-09-25 03:07
124245660;24483;2026-10-20 18:40;2026-09-25 03:07
124245660;24483;2026-10-20 18:56;2026-09-25 03:07
124245660;24483;2026-10-20 19:12;2026-09-25 03:07
124245660;24483;2026-10-21 07:30;2026-09-25 03:07
124245660;24483;2026-10-21 07:46;2026-09-25 03:07
124245660;24483;2026-10-21 08:02;2026-09-25 03:07
124245660;24483;2026-10-21 08:18;2026-09-25 03:07
124245660;24483;2026-10-21 08:50;2026-09-25 03:07
124245660;24483;2026-10-21 14:10;2026-09-25 03:07
124245660;24483;2026-10-22 14:12;2026-09-25 03:07
124245660;24483;2026-10-22 14:28;2026-09-25 03:07
124245660;24483;2026-10-22 16:48;2026-09-25 03:07
124245660;24483;2026-10-22 18:40;2026-09-25 03:07
124245660;24483;2026-10-22 18:56;2026-09-25 03:07
124245660;24483;2026-10-22 19:12;2026-09-25 03:07
124245660;24483;2026-10-23 08:20;2026-09-25 03:07
124245660;24483;2026-10-23 08:36;2026-09-25 03:07
124245660;24483;2026-10-23 08:52;2026-09-25 03:07
124245660;24483;2026-10-23 09:08;2026-09-25 03:07
124245660;24483;2026-10-23 09:24;2026-09-25 03:07
124245660;24483;2026-10-23 09:40;2026-09-25 03:07
124245660;24483;2026-10-23 09:56;2026-09-25 03:07
124245660;24483;2026-10-23 10:12;2026-09-25 03:07
124245660;24483;2026-10-23 11:44;2026-09-25 03:07
124245660;24483;2026-10-23 12:00;2026-09-25 03:07
124245660;24483;2026-10-23 13:04;2026-09-25 03:07
124245660;24483;2026-10-23 13:20;2026-09-25 03:07
124245660;24483;2026-10-23 13:36;2026-09-25 03:07
124245660;24452;2026-09-25 07:15;2026-09-25 03:07
124245660;24452;2026-09-30 17:48;2026-09-25 03:07
124245660;24452;2026-10-01 12:05;2026-09-25 03:07
124245660;24452;2026-10-06 12:05;2026-09-25 03:07
124245660;24452;2026-10-08 12:05;2026-09-25 03:07
124245660;24452;2026-10-09 12:05;2026-09-25 03:07
124245660;24452;2026-10-13 12:05;2026-09-25 03:07
124245660;24452;2026-10-19 18:03;2026-09-25 03:07
124245660;24452;2026-10-20 08:10;2026-09-25 03:07
124245660;24452;2026-10-20 08:26;2026-09-25 03:07
124245660;24452;2026-10-20 08:58;2026-09-25 03:07
124245660;24452;2026-10-20 09:14;2026-09-25 03:07
124245660;24452;2026-10-20 12:05;2026-09-25 03:07
124245660;24452;2026-10-21 17:32;2026-09-25 03:07
124245660;24452;2026-10-22 07:54;2026-09-25 03:07
124245660;24452;2026-10-22 08:10;2026-09-25 03:07
124245660;24452;2026-10-22 08:26;2026-09-25 03:07
124245660;24452;2026-10-22 08:42;2026-09-25 03:07
124245660;24452;2026-10-22 08:58;2026-09-25 03:07
124245660;24452;2026-10-22 09:14;2026-09-25 03:07
124245660;24452;2026-10-22 12:05;2026-09-25 03:07
124245660;24452;2026-10-23 07:54;2026-09-25 03:07
124245660;24452;2026-10-23 08:10;2026-09-25 03:07
124245660;24452;2026-10-23 08:26;2026-09-25 03:07
124245660;24452;2026-10-23 08:58;2026-09-25 03:07
124245660;24452;2026-10-23 09:14;2026-09-25 03:07
124245660;24452;2026-10-23 09:46;2026-09-25 03:07
124245660;24452;2026-10-23 12:05;2026-09-25 03:07
124245660;24452;2026-10-23 12:37;2026-09-25 03:07
124245660;24452;2026-10-23 12:53;2026-09-25 03:07
124245660;23034;2026-09-28 08:19;2026-09-25 03:07
124245660;23034;2026-09-28 08:35;2026-09-25 03:07
124245660;23034;2026-09-28 08:51;2026-09-25 03:07
124245660;23034;2026-09-28 09:23;2026-09-25 03:07
124245660;23034;2026-09-28 09:39;2026-09-25 03:07
124245660;23034;2026-09-28 11:25;2026-09-25 03:07
124245660;23034;2026-09-28 12:13;2026-09-25 03:07
124245660;23034;2026-09-29 14:01;2026-09-25 03:07
124245660;23034;2026-09-29 14:33;2026-09-25 03:07
124245660;23034;2026-09-29 14:49;2026-09-25 03:07
124245660;23034;2026-09-29 16:36;2026-09-25 03:07
124245660;23034;2026-10-01 14:17;2026-09-25 03:07
124245660;23034;2026-10-01 16:52;2026-09-25 03:07
124245660;23034;2026-10-01 18:44;2026-09-25 03:07
124245660;23034;2026-10-01 19:00;2026-09-25 03:07
124245660;23034;2026-10-02 07:47;2026-09-25 03:07
124245660;23034;2026-10-02 08:03;2026-09-25 03:07
124245660;23034;2026-10-02 08:19;2026-09-25 03:07
124245660;23034;2026-10-02 08:35;2026-09-25 03:07
124245660;23034;2026-10-02 08:51;2026-09-25 03:07
124245660;23034;2026-10-02 09:07;2026-09-25 03:07
124245660;23034;2026-10-02 09:23;2026-09-25 03:07
124245660;23034;2026-10-02 09:39;2026-09-25 03:07
124245660;23034;2026-10-02 11:57;2026-09-25 03:07
124245660;23034;2026-10-02 12:29;2026-09-25 03:07
124245660;23034;2026-10-02 12:45;2026-09-25 03:07
124245660;23034;2026-10-05 07:47;2026-09-25 03:07
124245660;23034;2026-10-05 08:03;2026-09-25 03:07
124245660;23034;2026-10-05 08:19;2026-09-25 03:07
124245660;23034;2026-10-05 08:35;2026-09-25 03:07
124245660;23034;2026-10-05 08:51;2026-09-25 03:07
124245660;23034;2026-10-05 09:07;2026-09-25 03:07
124245660;23034;2026-10-05 09:23;2026-09-25 03:07
124245660;23034;2026-10-05 09:39;2026-09-25 03:07
124245660;23034;2026-10-05 09:55;2026-09-25 03:07
124245660;23034;2026-10-05 11:57;2026-09-25 03:07
124245660;23034;2026-10-05 12:13;2026-09-25 03:07
124245660;23034;2026-10-05 12:29;2026-09-25 03:07
124245660;23034;2026-10-05 12:45;2026-09-25 03:07
124245660;23034;2026-10-06 14:17;2026-09-25 03:07
124245660;23034;2026-10-06 14:33;2026-09-25 03:07
124245660;23034;2026-10-06 14:49;2026-09-25 03:07
124245660;23034;2026-10-06 16:52;2026-09-25 03:07
124245660;23034;2026-10-06 17:08;2026-09-25 03:07
124245660;23034;2026-10-06 17:24;2026-09-25 03:07
124245660;23034;2026-10-06 17:40;2026-09-25 03:07
124245660;23034;2026-10-06 17:56;2026-09-25 03:07
124245660;23034;2026-10-06 19:00;2026-09-25 03:07
124245660;23034;2026-10-07 07:30;2026-09-25 03:07
124245660;23034;2026-10-07 07:46;2026-09-25 03:07
124245660;23034;2026-10-07 08:02;2026-09-25 03:07
124245660;23034;2026-10-07 08:18;2026-09-25 03:07
124245660;23034;2026-10-07 08:34;2026-09-25 03:07
124245660;23034;2026-10-08 14:17;2026-09-25 03:07
124245660;23034;2026-10-08 14:33;2026-09-25 03:07
124245660;23034;2026-10-08 14:49;2026-09-25 03:07
124245660;23034;2026-10-08 16:52;2026-09-25 03:07
124245660;23034;2026-10-08 17:08;2026-09-25 03:07
124245660;23034;2026-10-08 17:24;2026-09-25 03:07
124245660;23034;2026-10-08 17:40;2026-09-25 03:07
124245660;23034;2026-10-08 17:56;2026-09-25 03:07
124245660;23034;2026-10-08 18:44;2026-09-25 03:07
124245660;23034;2026-10-08 19:00;2026-09-25 03:07
124245660;23034;2026-10-08 19:16;2026-09-25 03:07
124245660;23034;2026-10-09 14:33;2026-09-25 03:07
124245660;23034;2026-10-09 14:49;2026-09-25 03:07
124245660;23034;2026-10-09 16:52;2026-09-25 03:07
124245660;23034;2026-10-09 17:56;2026-09-25 03:07
124245660;23034;2026-10-09 18:12;2026-09-25 03:07
124245660;23034;2026-10-09 18:28;2026-09-25 03:07
124245660;23034;2026-10-09 18:44;2026-09-25 03:07
124245660;23034;2026-10-09 19:00;2026-09-25 03:07
124245660;23034;2026-10-09 19:16;2026-09-25 03:07
124245660;23034;2026-10-12 07:47;2026-09-25 03:07
124245660;23034;2026-10-12 08:03;2026-09-25 03:07
124245660;23034;2026-10-12 08:19;2026-09-25 03:07
124245660;23034;2026-10-12 08:35;2026-09-25 03:07
124245660;23034;2026-10-12 08:51;2026-09-25 03:07
124245660;23034;2026-10-12 09:07;2026-09-25 03:07
124245660;23034;2026-10-12 09:23;2026-09-25 03:07
124245660;23034;2026-10-12 09:39;2026-09-25 03:07
124245660;23034;2026-10-12 09:55;2026-09-25 03:07
124245660;23034;2026-10-12 11:57;2026-09-25 03:07
124245660;23034;2026-10-12 12:13;2026-09-25 03:07
124245660;23034;2026-10-12 12:29;2026-09-25 03:07
124245660;23034;2026-10-12 12:45;2026-09-25 03:07
124245660;23034;2026-10-12 13:01;2026-09-25 03:07
124245660;23034;2026-10-13 14:17;2026-09-25 03:07
124245660;23034;2026-10-13 14:33;2026-09-25 03:07
124245660;23034;2026-10-13 16:52;2026-09-25 03:07
124245660;23034;2026-10-13 17:40;2026-09-25 03:07
124245660;23034;2026-10-13 17:56;2026-09-25 03:07
124245660;23034;2026-10-13 18:12;2026-09-25 03:07
124245660;23034;2026-10-13 18:28;2026-09-25 03:07
124245660;23034;2026-10-13 18:44;2026-09-25 03:07
124245660;23034;2026-10-13 19:00;2026-09-25 03:07
124245660;23034;2026-10-13 19:16;2026-09-25 03:07
124245660;23034;2026-10-14 07:30;2026-09-25 03:07
124245660;23034;2026-10-14 07:46;2026-09-25 03:07
124245660;23034;2026-10-14 08:02;2026-09-25 03:07
124245660;23034;2026-10-14 08:18;2026-09-25 03:07
124245660;23034;2026-10-14 08:34;2026-09-25 03:07
124245660;23034;2026-10-14 12:10;2026-09-25 03:07
124245660;23034;2026-10-14 12:30;2026-09-25 03:07
124245660;23034;2026-10-14 12:50;2026-09-25 03:07
124245660;23034;2026-10-14 13:10;2026-09-25 03:07
124245660;23034;2026-10-15 14:17;2026-09-25 03:07
124245660;23034;2026-10-15 14:49;2026-09-25 03:07
124245660;23034;2026-10-15 16:52;2026-09-25 03:07
124245660;23034;2026-10-15 17:08;2026-09-25 03:07
124245660;23034;2026-10-15 17:24;2026-09-25 03:07
124245660;23034;2026-10-15 17:40;2026-09-25 03:07
124245660;23034;2026-10-15 17:56;2026-09-25 03:07
124245660;23034;2026-10-15 18:12;2026-09-25 03:07
124245660;23034;2026-10-15 18:28;2026-09-25 03:07
124245660;23034;2026-10-15 18:44;2026-09-25 03:07
124245660;23034;2026-10-15 19:00;2026-09-25 03:07
124245660;23034;2026-10-15 19:16;2026-09-25 03:07
124245660;23034;2026-10-16 07:47;2026-09-25 03:07
124245660;23034;2026-10-16 08:03;2026-09-25 03:07
124245660;23034;2026-10-16 08:19;2026-09-25 03:07
124245660;23034;2026-10-16 08:35;2026-09-25 03:07
124245660;23034;2026-10-16 08:51;2026-09-25 03:07
124245660;23034;2026-10-16 09:07;2026-09-25 03:07
124245660;23034;2026-10-16 09:23;2026-09-25 03:07
124245660;23034;2026-10-16 09:39;2026-09-25 03:07
124245660;23034;2026-10-16 09:55;2026-09-25 03:07
124245660;23034;2026-10-16 11:57;2026-09-25 03:07
124245660;23034;2026-10-16 12:13;2026-09-25 03:07
124245660;23034;2026-10-16 12:29;2026-09-25 03:07
124245660;23034;2026-10-16 12:45;2026-09-25 03:07
124245660;23034;2026-10-19 07:47;2026-09-25 03:07
124245660;23034;2026-10-19 08:03;2026-09-25 03:07
124245660;23034;2026-10-19 08:19;2026-09-25 03:07
124245660;23034;2026-10-19 08:35;2026-09-25 03:07
124245660;23034;2026-10-19 08:51;2026-09-25 03:07
124245660;23034;2026-10-19 09:07;2026-09-25 03:07
124245660;23034;2026-10-19 11:57;2026-09-25 03:07
124245660;23034;2026-10-19 12:13;2026-09-25 03:07
124245660;23034;2026-10-19 12:29;2026-09-25 03:07
124245660;23034;2026-10-19 12:45;2026-09-25 03:07
124245660;23034;2026-10-19 13:01;2026-09-25 03:07
124245660;23034;2026-10-20 14:17;2026-09-25 03:07
124245660;23034;2026-10-20 14:33;2026-09-25 03:07
124245660;23034;2026-10-20 14:49;2026-09-25 03:07
124245660;23034;2026-10-20 16:52;2026-09-25 03:07
124245660;23034;2026-10-20 17:08;2026-09-25 03:07
124245660;23034;2026-10-20 17:24;2026-09-25 03:07
124245660;23034;2026-10-20 17:40;2026-09-25 03:07
124245660;23034;2026-10-20 17:56;2026-09-25 03:07
124245660;23034;2026-10-20 18:12;2026-09-25 03:07
124245660;23034;2026-10-20 18:28;2026-09-25 03:07
124245660;23034;2026-10-20 18:44;2026-09-25 03:07
124245660;23034;2026-10-20 19:00;2026-09-25 03:07
124245660;23034;2026-10-20 19:16;2026-09-25 03:07
124245660;23034;2026-10-21 07:30;2026-09-25 03:07
124245660;23034;2026-10-21 07:46;2026-09-25 03:07
124245660;23034;2026-10-21 08:02;2026-09-25 03:07
124245660;23034;2026-10-21 08:18;2026-09-25 03:07
124245660;23034;2026-10-21 08:34;2026-09-25 03:07
124245660;23034;2026-10-22 14:33;2026-09-25 03:07
124245660;23034;2026-10-22 14:49;2026-09-25 03:07
124245660;23034;2026-10-22 16:52;2026-09-25 03:07
124245660;23034;2026-10-22 17:08;2026-09-25 03:07
124245660;23034;2026-10-22 17:24;2026-09-25 03:07
124245660;23034;2026-10-22 17:56;2026-09-25 03:07
124245660;23034;2026-10-22 18:12;2026-09-25 03:07
124245660;23034;2026-10-22 18:28;2026-09-25 03:07
124245660;23034;2026-10-22 18:44;2026-09-25 03:07
124245660;23034;2026-10-22 19:00;2026-09-25 03:07
124245660;23034;2026-10-22 19:16;2026-09-25 03:07
124245660;23034;2026-10-23 14:33;2026-09-25 03:07
124245660;23034;2026-10-23 14:49;2026-09-25 03:07
124245660;23034;2026-10-23 16:52;2026-09-25 03:07
124245660;23034;2026-10-23 17:40;2026-09-25 03:07
124245660;23034;2026-10-23 17:56;2026-09-25 03:07
124245660;23034;2026-10-23 18:12;2026-09-25 03:07
124245660;23034;2026-10-23 18:28;2026-09-25 03:07
124245660;23034;2026-10-23 18:44;2026-09-25 03:07
124245660;23034;2026-10-23 19:00;2026-09-25 03:07
124245660;23034;2026-10-23 19:16;2026-09-25 03:07
124245660;22960;2026-09-25 10:30;2026-09-25 03:07
124245660;22960;2026-09-28 13:25;2026-09-25 03:07
124245660;22960;2026-09-29 10:30;2026-09-25 03:07
124245660;22960;2026-10-01 09:45;2026-09-25 03:07
124245660;22960;2026-10-02 13:25;2026-09-25 03:07
124245660;22960;2026-10-05 10:30;2026-09-25 03:07
124245660;22960;2026-10-07 09:45;2026-09-25 03:07
124245660;22960;2026-10-08 13:25;2026-09-25 03:07
124245660;22960;2026-10-09 10:30;2026-09-25 03:07
124245660;22960;2026-10-12 13:25;2026-09-25 03:07
124245660;22960;2026-10-13 10:30;2026-09-25 03:07
124245660;22960;2026-10-14 17:00;2026-09-25 03:07
124245660;22960;2026-10-14 17:25;2026-09-25 03:07
124245660;22960;2026-10-14 17:40;2026-09-25 03:07
124245660;22960;2026-10-14 18:10;2026-09-25 03:07
124245660;22960;2026-10-14 18:50;2026-09-25 03:07
124245660;22960;2026-10-14 19:05;2026-09-25 03:07
124245660;22960;2026-10-14 19:20;2026-09-25 03:07
124245660;22960;2026-10-15 07:15;2026-09-25 03:07
124245660;22960;2026-10-15 07:40;2026-09-25 03:07
124245660;22960;2026-10-15 07:55;2026-09-25 03:07
124245660;22960;2026-10-15 08:20;2026-09-25 03:07
124245660;22960;2026-10-15 09:00;2026-09-25 03:07
124245660;22960;2026-10-15 09:15;2026-09-25 03:07
124245660;22960;2026-10-15 09:45;2026-09-25 03:07
124245660;22960;2026-10-15 10:45;2026-09-25 03:07
124245660;22960;2026-10-15 11:00;2026-09-25 03:07
124245660;22960;2026-10-15 11:15;2026-09-25 03:07
124245660;22960;2026-10-15 11:40;2026-09-25 03:07
124245660;22960;2026-10-15 11:55;2026-09-25 03:07
124245660;22960;2026-10-15 12:35;2026-09-25 03:07
124245660;22960;2026-10-15 12:50;2026-09-25 03:07
124245660;22960;2026-10-16 13:25;2026-09-25 03:07
124245660;22960;2026-10-16 14:05;2026-09-25 03:07
124245660;22960;2026-10-16 14:50;2026-09-25 03:07
124245660;22960;2026-10-16 15:30;2026-09-25 03:07
124245660;22960;2026-10-16 15:45;2026-09-25 03:07
124245660;22960;2026-10-16 16:40;2026-09-25 03:07
124245660;22960;2026-10-16 16:55;2026-09-25 03:07
124245660;22960;2026-10-16 17:20;2026-09-25 03:07
124245660;22960;2026-10-16 17:35;2026-09-25 03:07
124245660;22960;2026-10-16 18:05;2026-09-25 03:07
124245660;22960;2026-10-16 18:30;2026-09-25 03:07
124245660;22960;2026-10-16 18:45;2026-09-25 03:07
124245660;22960;2026-10-16 19:00;2026-09-25 03:07
124245660;22960;2026-10-19 07:15;2026-09-25 03:07
124245660;22960;2026-10-19 07:30;2026-09-25 03:07
124245660;22960;2026-10-19 07:45;2026-09-25 03:07
124245660;22960;2026-10-19 08:25;2026-09-25 03:07
124245660;22960;2026-10-19 09:05;2026-09-25 03:07
124245660;22960;2026-10-19 09:45;2026-09-25 03:07
124245660;22960;2026-10-19 10:30;2026-09-25 03:07
124245660;22960;2026-10-19 10:45;2026-09-25 03:07
124245660;22960;2026-10-19 11:15;2026-09-25 03:07
124245660;22960;2026-10-19 12:25;2026-09-25 03:07
124245660;22960;2026-10-19 12:40;2026-09-25 03:07
124245660;22960;2026-10-20 14:20;2026-09-25 03:07
124245660;22960;2026-10-20 14:35;2026-09-25 03:07
124245660;22960;2026-10-20 14:50;2026-09-25 03:07
124245660;22960;2026-10-20 15:30;2026-09-25 03:07
124245660;22960;2026-10-20 15:45;2026-09-25 03:07
124245660;22960;2026-10-20 16:30;2026-09-25 03:07
124245660;22960;2026-10-20 16:45;2026-09-25 03:07
124245660;22960;2026-10-20 17:25;2026-09-25 03:07
124245660;22960;2026-10-20 17:40;2026-09-25 03:07
124245660;22960;2026-10-20 18:10;2026-09-25 03:07
124245660;22960;2026-10-20 18:35;2026-09-25 03:07
124245660;22960;2026-10-20 18:50;2026-09-25 03:07
124245660;22960;2026-10-20 19:05;2026-09-25 03:07
124245660;22960;2026-10-20 19:20;2026-09-25 03:07
124245660;22960;2026-10-21 07:15;2026-09-25 03:07
124245660;22960;2026-10-21 07:30;2026-09-25 03:07
124245660;22960;2026-10-21 07:45;2026-09-25 03:07
124245660;22960;2026-10-21 08:00;2026-09-25 03:07
124245660;22960;2026-10-21 08:25;2026-09-25 03:07
124245660;22960;2026-10-21 09:05;2026-09-25 03:07
124245660;22960;2026-10-21 09:20;2026-09-25 03:07
124245660;22960;2026-10-21 09:45;2026-09-25 03:07
124245660;22960;2026-10-21 11:00;2026-09-25 03:07
124245660;22960;2026-10-21 11:15;2026-09-25 03:07
124245660;22960;2026-10-21 11:40;2026-09-25 03:07
124245660;22960;2026-10-21 11:55;2026-09-25 03:07
124245660;22960;2026-10-21 12:35;2026-09-25 03:07
124245660;22960;2026-10-22 13:10;2026-09-25 03:07
124245660;22960;2026-10-22 13:25;2026-09-25 03:07
124245660;22960;2026-10-22 13:40;2026-09-25 03:07
124245660;22960;2026-10-22 14:05;2026-09-25 03:07
124245660;22960;2026-10-22 14:20;2026-09-25 03:07
124245660;22960;2026-10-22 14:35;2026-09-25 03:07
124245660;22960;2026-10-22 14:50;2026-09-25 03:07
124245660;22960;2026-10-22 15:30;2026-09-25 03:07
124245660;22960;2026-10-22 15:45;2026-09-25 03:07
124245660;22960;2026-10-22 16:30;2026-09-25 03:07
124245660;22960;2026-10-22 16:45;2026-09-25 03:07
124245660;22960;2026-10-22 17:00;2026-09-25 03:07
124245660;22960;2026-10-22 17:25;2026-09-25 03:07
124245660;22960;2026-10-22 17:40;2026-09-25 03:07
124245660;22960;2026-10-22 18:10;2026-09-25 03:07
124245660;22960;2026-10-22 18:35;2026-09-25 03:07
124245660;22960;2026-10-22 18:50;2026-09-25 03:07
124245660;22960;2026-10-22 19:05;2026-09-25 03:07
124245660;22960;2026-10-22 19:20;2026-09-25 03:07
124245660;22960;2026-10-23 07:30;2026-09-25 03:07
124245660;22960;2026-10-23 07:45;2026-09-25 03:07
124245660;22960;2026-10-23 08:00;2026-09-25 03:07
124245660;22960;2026-10-23 10:30;2026-09-25 03:07
124245660;22960;2026-10-23 11:50;2026-09-25 03:07
124245660;22960;2026-10-23 12:15;2026-09-25 03:07
124245660;22960;2026-10-23 12:40;2026-09-25 03:07
124245660;22960;2026-10-23 12:55;2026-09-25 03:07
124245660;22960;2026-10-23 13:10;2026-09-25 03:07
124245660;22353;2026-09-25 08:25;2026-09-25 03:07
124245660;22353;2026-09-25 10:30;2026-09-25 03:07
124245660;22353;2026-09-28 13:25;2026-09-25 03:07
124245660;22353;2026-09-29 10:30;2026-09-25 03:07
124245660;22353;2026-10-01 09:45;2026-09-25 03:07
124245660;22353;2026-10-02 13:25;2026-09-25 03:07
124245660;22353;2026-10-02 16:40;2026-09-25 03:07
124245660;22353;2026-10-05 10:30;2026-09-25 03:07
124245660;22353;2026-10-06 13:25;2026-09-25 03:07
124245660;22353;2026-10-07 09:45;2026-09-25 03:07
124245660;22353;2026-10-08 13:25;2026-09-25 03:07
124245660;22353;2026-10-09 10:30;2026-09-25 03:07
124245660;22353;2026-10-09 13:10;2026-09-25 03:07
124245660;22353;2026-10-09 13:25;2026-09-25 03:07
124245660;22353;2026-10-12 13:10;2026-09-25 03:07
124245660;22353;2026-10-12 13:25;2026-09-25 03:07
124245660;22353;2026-10-12 14:50;2026-09-25 03:07
124245660;22353;2026-10-12 15:30;2026-09-25 03:07
124245660;22353;2026-10-12 15:45;2026-09-25 03:07
124245660;22353;2026-10-12 17:00;2026-09-25 03:07
124245660;22353;2026-10-12 17:25;2026-09-25 03:07
124245660;22353;2026-10-12 18:35;2026-09-25 03:07
124245660;22353;2026-10-12 18:50;2026-09-25 03:07
124245660;22353;2026-10-12 19:05;2026-09-25 03:07
124245660;22353;2026-10-13 07:15;2026-09-25 03:07
124245660;22353;2026-10-13 07:30;2026-09-25 03:07
124245660;22353;2026-10-13 07:45;2026-09-25 03:07
124245660;22353;2026-10-13 08:00;2026-09-25 03:07
124245660;22353;2026-10-13 09:35;2026-09-25 03:07
124245660;22353;2026-10-13 10:30;2026-09-25 03:07
124245660;22353;2026-10-13 10:45;2026-09-25 03:07
124245660;22353;2026-10-13 11:15;2026-09-25 03:07
124245660;22353;2026-10-13 11:40;2026-09-25 03:07
124245660;22353;2026-10-13 11:55;2026-09-25 03:07
124245660;22353;2026-10-13 12:25;2026-09-25 03:07
124245660;22353;2026-10-13 12:50;2026-09-25 03:07
124245660;22353;2026-10-13 13:05;2026-09-25 03:07
124245660;22353;2026-10-13 13:20;2026-09-25 03:07
124245660;22353;2026-10-13 13:35;2026-09-25 03:07
124245660;22353;2026-10-14 14:15;2026-09-25 03:07
124245660;22353;2026-10-14 14:30;2026-09-25 03:07
124245660;22353;2026-10-14 14:45;2026-09-25 03:07
124245660;22353;2026-10-14 15:00;2026-09-25 03:07
124245660;22353;2026-10-14 15:30;2026-09-25 03:07
124245660;22353;2026-10-14 15:45;2026-09-25 03:07
124245660;22353;2026-10-14 16:30;2026-09-25 03:07
124245660;22353;2026-10-14 16:45;2026-09-25 03:07
124245660;22353;2026-10-14 17:00;2026-09-25 03:07
124245660;22353;2026-10-14 17:25;2026-09-25 03:07
124245660;22353;2026-10-14 17:40;2026-09-25 03:07
124245660;22353;2026-10-14 18:10;2026-09-25 03:07
124245660;22353;2026-10-14 18:35;2026-09-25 03:07
124245660;22353;2026-10-14 18:50;2026-09-25 03:07
124245660;22353;2026-10-14 19:05;2026-09-25 03:07
124245660;22353;2026-10-14 19:20;2026-09-25 03:07
124245660;22353;2026-10-15 07:15;2026-09-25 03:07
124245660;22353;2026-10-15 07:40;2026-09-25 03:07
124245660;22353;2026-10-15 07:55;2026-09-25 03:07
124245660;22353;2026-10-15 09:15;2026-09-25 03:07
124245660;22353;2026-10-15 09:45;2026-09-25 03:07
124245660;22353;2026-10-15 10:45;2026-09-25 03:07
124245660;22353;2026-10-15 11:00;2026-09-25 03:07
124245660;22353;2026-10-15 11:15;2026-09-25 03:07
124245660;22353;2026-10-15 11:40;2026-09-25 03:07
124245660;22353;2026-10-15 11:55;2026-09-25 03:07
124245660;22353;2026-10-15 12:35;2026-09-25 03:07
124245660;22353;2026-10-15 13:05;2026-09-25 03:07
124245660;22353;2026-10-15 13:20;2026-09-25 03:07
124245660;22353;2026-10-16 13:25;2026-09-25 03:07
124245660;22353;2026-10-16 13:40;2026-09-25 03:07
124245660;22353;2026-10-16 14:05;2026-09-25 03:07
124245660;22353;2026-10-16 14:35;2026-09-25 03:07
124245660;22353;2026-10-16 15:45;2026-09-25 03:07
124245660;22353;2026-10-16 16:40;2026-09-25 03:07
124245660;22353;2026-10-16 16:55;2026-09-25 03:07
124245660;22353;2026-10-16 17:20;2026-09-25 03:07
124245660;22353;2026-10-16 17:35;2026-09-25 03:07
124245660;22353;2026-10-16 18:05;2026-09-25 03:07
124245660;22353;2026-10-16 18:30;2026-09-25 03:07
124245660;22353;2026-10-16 18:45;2026-09-25 03:07
124245660;22353;2026-10-16 19:00;2026-09-25 03:07
124245660;22353;2026-10-19 07:15;2026-09-25 03:07
124245660;22353;2026-10-19 07:30;2026-09-25 03:07
124245660;22353;2026-10-19 07:45;2026-09-25 03:07
124245660;22353;2026-10-19 08:25;2026-09-25 03:07
124245660;22353;2026-10-19 10:30;2026-09-25 03:07
124245660;22353;2026-10-19 10:45;2026-09-25 03:07
124245660;22353;2026-10-19 11:15;2026-09-25 03:07
124245660;22353;2026-10-19 11:55;2026-09-25 03:07
124245660;22353;2026-10-19 12:10;2026-09-25 03:07
124245660;22353;2026-10-19 12:25;2026-09-25 03:07
124245660;22353;2026-10-19 12:40;2026-09-25 03:07
124245660;22353;2026-10-19 12:55;2026-09-25 03:07
124245660;22353;2026-10-19 13:25;2026-09-25 03:07
124245660;22353;2026-10-20 13:25;2026-09-25 03:07
124245660;22353;2026-10-20 15:30;2026-09-25 03:07
124245660;22353;2026-10-20 15:45;2026-09-25 03:07
124245660;22353;2026-10-20 16:30;2026-09-25 03:07
124245660;22353;2026-10-20 16:45;2026-09-25 03:07
124245660;22353;2026-10-20 17:00;2026-09-25 03:07
124245660;22353;2026-10-20 17:25;2026-09-25 03:07
124245660;22353;2026-10-20 17:40;2026-09-25 03:07
124245660;22353;2026-10-20 18:10;2026-09-25 03:07
124245660;22353;2026-10-20 18:35;2026-09-25 03:07
124245660;22353;2026-10-20 18:50;2026-09-25 03:07
124245660;22353;2026-10-20 19:05;2026-09-25 03:07
124245660;22353;2026-10-20 19:20;2026-09-25 03:07
124245660;22353;2026-10-21 07:15;2026-09-25 03:07
124245660;22353;2026-10-21 07:30;2026-09-25 03:07
124245660;22353;2026-10-21 07:45;2026-09-25 03:07
124245660;22353;2026-10-21 08:00;2026-09-25 03:07
124245660;22353;2026-10-21 08:25;2026-09-25 03:07
124245660;22353;2026-10-21 09:05;2026-09-25 03:07
124245660;22353;2026-10-21 09:20;2026-09-25 03:07
124245660;22353;2026-10-21 09:45;2026-09-25 03:07
124245660;22353;2026-10-21 10:45;2026-09-25 03:07
124245660;22353;2026-10-21 11:00;2026-09-25 03:07
124245660;22353;2026-10-21 11:15;2026-09-25 03:07
124245660;22353;2026-10-21 11:40;2026-09-25 03:07
124245660;22353;2026-10-21 11:55;2026-09-25 03:07
124245660;22353;2026-10-21 12:20;2026-09-25 03:07
124245660;22353;2026-10-21 12:35;2026-09-25 03:07
124245660;22353;2026-10-22 13:25;2026-09-25 03:07
124245660;22353;2026-10-22 13:40;2026-09-25 03:07
124245660;22353;2026-10-22 14:05;2026-09-25 03:07
124245660;22353;2026-10-22 14:20;2026-09-25 03:07
124245660;22353;2026-10-22 14:35;2026-09-25 03:07
124245660;22353;2026-10-22 14:50;2026-09-25 03:07
124245660;22353;2026-10-22 15:30;2026-09-25 03:07
124245660;22353;2026-10-22 15:45;2026-09-25 03:07
124245660;22353;2026-10-22 16:30;2026-09-25 03:07
124245660;22353;2026-10-22 16:45;2026-09-25 03:07
124245660;22353;2026-10-22 17:00;2026-09-25 03:07
124245660;22353;2026-10-22 17:25;2026-09-25 03:07
124245660;22353;2026-10-22 17:40;2026-09-25 03:07
124245660;22353;2026-10-22 18:10;2026-09-25 03:07
124245660;22353;2026-10-22 18:35;2026-09-25 03:07
124245660;22353;2026-10-22 18:50;2026-09-25 03:07
124245660;22353;2026-10-22 19:05;2026-09-25 03:07
124245660;22353;2026-10-23 07:15;2026-09-25 03:07
124245660;22353;2026-10-23 07:30;2026-09-25 03:07
124245660;22353;2026-10-23 07:45;2026-09-25 03:07
124245660;22353;2026-10-23 08:00;2026-09-25 03:07
124245660;22353;2026-10-23 08:25;2026-09-25 03:07
124245660;22353;2026-10-23 08:55;2026-09-25 03:07
124245660;22353;2026-10-23 10:30;2026-09-25 03:07
124245660;22353;2026-10-23 11:05;2026-09-25 03:07
124245660;22353;2026-10-23 11:35;2026-09-25 03:07
124245660;22353;2026-10-23 11:50;2026-09-25 03:07
124245660;22353;2026-10-23 12:15;2026-09-25 03:07
124245660;22353;2026-10-23 12:40;2026-09-25 03:07
124245660;22353;2026-10-23 12:55;2026-09-25 03:07
124245660;22353;2026-10-23 13:10;2026-09-25 03:07
124245660;22353;2026-10-23 13:25;2026-09-25 03:07
124245660;21701;2026-09-29 07:35;2026-09-25 03:07
124245660;21701;2026-10-01 07:35;2026-09-25 03:07
124245660;21701;2026-10-06 16:40;2026-09-25 03:07
124245660;21701;2026-10-08 16:25;2026-09-25 03:07
124245660;21701;2026-10-08 16:40;2026-09-25 03:07
124245660;21701;2026-10-08 17:25;2026-09-25 03:07
124245660;21701;2026-10-09 07:20;2026-09-25 03:07
124245660;21701;2026-10-09 07:35;2026-09-25 03:07
124245660;21701;2026-10-09 07:50;2026-09-25 03:07
124245660;21701;2026-10-09 08:20;2026-09-25 03:07
124245660;21701;2026-10-12 16:25;2026-09-25 03:07
124245660;21701;2026-10-12 16:40;2026-09-25 03:07
124245660;21701;2026-10-12 16:55;2026-09-25 03:07
124245660;21701;2026-10-12 17:25;2026-09-25 03:07
124245660;21701;2026-10-13 07:35;2026-09-25 03:07
124245660;21701;2026-10-13 08:20;2026-09-25 03:07
124245660;21701;2026-10-14 16:40;2026-09-25 03:07
124245660;21701;2026-10-14 16:55;2026-09-25 03:07
124245660;21701;2026-10-14 17:25;2026-09-25 03:07
124245660;21701;2026-10-15 07:20;2026-09-25 03:07
124245660;21701;2026-10-15 07:35;2026-09-25 03:07
124245660;21701;2026-10-15 07:50;2026-09-25 03:07
124245660;21701;2026-10-15 08:20;2026-09-25 03:07
124245660;21701;2026-10-16 16:25;2026-09-25 03:07
124245660;21701;2026-10-16 16:40;2026-09-25 03:07
124245660;21701;2026-10-16 16:55;2026-09-25 03:07
124245660;21701;2026-10-16 17:25;2026-09-25 03:07
124245660;21701;2026-10-19 07:35;2026-09-25 03:07
124245660;21701;2026-10-19 07:50;2026-09-25 03:07
124245660;21701;2026-10-19 08:20;2026-09-25 03:07
124245660;21701;2026-10-20 16:25;2026-09-25 03:07
124245660;21701;2026-10-20 16:40;2026-09-25 03:07
124245660;21701;2026-10-20 16:55;2026-09-25 03:07
124245660;21701;2026-10-20 17:25;2026-09-25 03:07
124245660;21701;2026-10-21 07:50;2026-09-25 03:07
124245660;21701;2026-10-21 08:20;2026-09-25 03:07
124245660;21701;2026-10-22 16:25;2026-09-25 03:07
124245660;21701;2026-10-22 16:40;2026-09-25 03:07
124245660;21701;2026-10-22 16:55;2026-09-25 03:07
124245660;21701;2026-10-22 17:25;2026-09-25 03:07
124245660;21701;2026-10-23 07:20;2026-09-25 03:07
124245660;21701;2026-10-23 07:35;2026-09-25 03:07
124245660;21701;2026-10-23 07:50;2026-09-25 03:07
124245660;21701;2026-10-23 08:20;2026-09-25 03:07
124245660;21313;2026-09-25 10:30;2026-09-25 03:07
124245660;21313;2026-09-28 14:50;2026-09-25 03:07
124245660;21313;2026-09-29 10:30;2026-09-25 03:07
124245660;21313;2026-09-30 14:50;2026-09-25 03:07
124245660;21313;2026-10-01 09:45;2026-09-25 03:07
124245660;21313;2026-10-02 16:35;2026-09-25 03:07
124245660;21313;2026-10-05 10:30;2026-09-25 03:07
124245660;21313;2026-10-06 14:50;2026-09-25 03:07
124245660;21313;2026-10-07 09:45;2026-09-25 03:07
124245660;21313;2026-10-08 14:45;2026-09-25 03:07
124245660;21313;2026-10-12 14:50;2026-09-25 03:07
124245660;21313;2026-10-13 10:30;2026-09-25 03:07
124245660;21313;2026-10-14 14:50;2026-09-25 03:07
124245660;21313;2026-10-15 09:45;2026-09-25 03:07
124245660;21313;2026-10-16 14:50;2026-09-25 03:07
124245660;21313;2026-10-16 19:10;2026-09-25 03:07
124245660;21313;2026-10-19 07:30;2026-09-25 03:07
124245660;21313;2026-10-19 10:30;2026-09-25 03:07
124245660;21313;2026-10-20 14:50;2026-09-25 03:07
124245660;21313;2026-10-20 18:20;2026-09-25 03:07
124245660;21313;2026-10-20 19:00;2026-09-25 03:07
124245660;21313;2026-10-20 19:15;2026-09-25 03:07
124245660;21313;2026-10-20 19:30;2026-09-25 03:07
124245660;21264;2026-09-25 10:30;2026-09-25 03:07
124245660;21264;2026-09-28 13:25;2026-09-25 03:07
124245660;21264;2026-09-29 10:30;2026-09-25 03:07
124245660;21264;2026-10-01 09:45;2026-09-25 03:07
124245660;21264;2026-10-02 13:25;2026-09-25 03:07
124245660;21264;2026-10-06 13:25;2026-09-25 03:07
124245660;21264;2026-10-07 09:45;2026-09-25 03:07
124245660;21264;2026-10-08 15:30;2026-09-25 03:07
124245660;21264;2026-10-09 10:30;2026-09-25 03:07
124245660;21264;2026-10-12 13:25;2026-09-25 03:07
124245660;21264;2026-10-13 10:30;2026-09-25 03:07
124245660;21264;2026-10-19 09:45;2026-09-25 03:07
124245660;21264;2026-10-19 10:30;2026-09-25 03:07
124245660;21264;2026-10-19 12:25;2026-09-25 03:07
124245660;21264;2026-10-19 12:40;2026-09-25 03:07
124245660;21264;2026-10-19 12:55;2026-09-25 03:07
124245660;21264;2026-10-20 14:05;2026-09-25 03:07
124245660;21264;2026-10-20 14:20;2026-09-25 03:07
124245660;21264;2026-10-20 15:30;2026-09-25 03:07
124245660;21264;2026-10-20 15:45;2026-09-25 03:07
124245660;21264;2026-10-20 16:45;2026-09-25 03:07
124245660;21264;2026-10-20 17:00;2026-09-25 03:07
124245660;21264;2026-10-20 17:25;2026-09-25 03:07
124245660;21264;2026-10-20 17:40;2026-09-25 03:07
124245660;21264;2026-10-20 18:10;2026-09-25 03:07
124245660;21264;2026-10-20 18:35;2026-09-25 03:07
124245660;21264;2026-10-20 18:50;2026-09-25 03:07
124245660;21264;2026-10-20 19:05;2026-09-25 03:07
124245660;21264;2026-10-20 19:20;2026-09-25 03:07
124245660;21264;2026-10-21 07:30;2026-09-25 03:07
124245660;21264;2026-10-21 07:45;2026-09-25 03:07
124245660;21264;2026-10-21 08:00;2026-09-25 03:07
124245660;21264;2026-10-21 08:25;2026-09-25 03:07
124245660;21264;2026-10-21 09:45;2026-09-25 03:07
124245660;21264;2026-10-21 10:45;2026-09-25 03:07
124245660;21264;2026-10-21 11:00;2026-09-25 03:07
124245660;21264;2026-10-21 11:15;2026-09-25 03:07
124245660;21264;2026-10-21 11:40;2026-09-25 03:07
124245660;21264;2026-10-21 11:55;2026-09-25 03:07
124245660;21264;2026-10-21 12:20;2026-09-25 03:07
124245660;21264;2026-10-21 12:35;2026-09-25 03:07
124245660;21264;2026-10-22 13:10;2026-09-25 03:07
124245660;21264;2026-10-22 13:25;2026-09-25 03:07
124245660;21264;2026-10-22 14:05;2026-09-25 03:07
124245660;21264;2026-10-22 14:20;2026-09-25 03:07
124245660;21264;2026-10-22 14:35;2026-09-25 03:07
124245660;21264;2026-10-22 14:50;2026-09-25 03:07
124245660;21264;2026-10-22 15:30;2026-09-25 03:07
124245660;21264;2026-10-22 15:45;2026-09-25 03:07
124245660;21264;2026-10-22 16:30;2026-09-25 03:07
124245660;21264;2026-10-22 16:45;2026-09-25 03:07
124245660;21264;2026-10-22 17:00;2026-09-25 03:07
124245660;21264;2026-10-22 17:25;2026-09-25 03:07
124245660;21264;2026-10-22 17:40;2026-09-25 03:07
124245660;21264;2026-10-22 18:10;2026-09-25 03:07
124245660;21264;2026-10-22 18:35;2026-09-25 03:07
124245660;21264;2026-10-22 18:50;2026-09-25 03:07
124245660;21264;2026-10-22 19:05;2026-09-25 03:07
124245660;21264;2026-10-22 19:20;2026-09-25 03:07
124245660;21264;2026-10-23 07:15;2026-09-25 03:07
124245660;21264;2026-10-23 07:30;2026-09-25 03:07
124245660;21264;2026-10-23 07:45;2026-09-25 03:07
124245660;21264;2026-10-23 08:25;2026-09-25 03:07
124245660;21264;2026-10-23 08:55;2026-09-25 03:07
124245660;21264;2026-10-23 09:35;2026-09-25 03:07
124245660;21264;2026-10-23 10:30;2026-09-25 03:07
124245660;21264;2026-10-23 11:05;2026-09-25 03:07
124245660;21264;2026-10-23 11:35;2026-09-25 03:07
124245660;21264;2026-10-23 11:50;2026-09-25 03:07
124245660;21264;2026-10-23 12:15;2026-09-25 03:07
124245660;21264;2026-10-23 12:40;2026-09-25 03:07
124245660;21264;2026-10-23 12:55;2026-09-25 03:07
124245660;21264;2026-10-23 13:10;2026-09-25 03:07
124245660;21264;2026-10-23 13:25;2026-09-25 03:07
124245660;19506;2026-09-28 10:30;2026-09-25 03:07
124245660;19506;2026-09-29 14:50;2026-09-25 03:07
124245660;19506;2026-09-30 09:45;2026-09-25 03:07
124245660;19506;2026-10-01 14:45;2026-09-25 03:07
124245660;19506;2026-10-02 10:30;2026-09-25 03:07
124245660;19506;2026-10-05 14:50;2026-09-25 03:07
124245660;19506;2026-10-06 10:30;2026-09-25 03:07
124245660;19506;2026-10-07 14:50;2026-09-25 03:07
124245660;19506;2026-10-08 09:45;2026-09-25 03:07
124245660;19506;2026-10-09 16:35;2026-09-25 03:07
124245660;19506;2026-10-12 10:30;2026-09-25 03:07
124245660;19506;2026-10-13 14:50;2026-09-25 03:07
124245660;19506;2026-10-14 09:45;2026-09-25 03:07
124245660;19506;2026-10-15 14:45;2026-09-25 03:07
124245660;19506;2026-10-15 19:15;2026-09-25 03:07
124245660;19506;2026-10-16 07:55;2026-09-25 03:07
124245660;19506;2026-10-16 09:00;2026-09-25 03:07
124245660;19506;2026-10-16 09:45;2026-09-25 03:07
124245660;19506;2026-10-16 10:30;2026-09-25 03:07
124245660;19506;2026-10-19 14:35;2026-09-25 03:07
124245660;19506;2026-10-19 14:50;2026-09-25 03:07
124245660;19506;2026-10-19 16:00;2026-09-25 03:07
124245660;19506;2026-10-19 16:30;2026-09-25 03:07
124245660;19506;2026-10-19 17:10;2026-09-25 03:07
124245660;19506;2026-10-19 17:25;2026-09-25 03:07
124245660;19506;2026-10-19 18:05;2026-09-25 03:07
124245660;19506;2026-10-19 18:20;2026-09-25 03:07
124245660;19506;2026-10-19 18:45;2026-09-25 03:07
124245660;19506;2026-10-19 19:15;2026-09-25 03:07
124245660;19506;2026-10-19 19:30;2026-09-25 03:07
124245660;19506;2026-10-20 07:45;2026-09-25 03:07
124245660;19506;2026-10-20 08:00;2026-09-25 03:07
124245660;19506;2026-10-20 08:25;2026-09-25 03:07
124245660;19506;2026-10-20 09:35;2026-09-25 03:07
124245660;19506;2026-10-20 10:30;2026-09-25 03:07
124245660;19506;2026-10-20 10:45;2026-09-25 03:07
124245660;19506;2026-10-20 11:15;2026-09-25 03:07
124245660;19506;2026-10-20 11:40;2026-09-25 03:07
124245660;19506;2026-10-20 11:55;2026-09-25 03:07
124245660;19506;2026-10-20 12:10;2026-09-25 03:07
124245660;19506;2026-10-20 12:25;2026-09-25 03:07
124245660;19506;2026-10-20 12:50;2026-09-25 03:07
124245660;19506;2026-10-20 13:05;2026-09-25 03:07
124245660;19506;2026-10-21 14:50;2026-09-25 03:07
124245660;19506;2026-10-21 16:00;2026-09-25 03:07
124245660;19506;2026-10-21 16:15;2026-09-25 03:07
124245660;19506;2026-10-21 16:55;2026-09-25 03:07
124245660;19506;2026-10-21 17:10;2026-09-25 03:07
124245660;19506;2026-10-21 17:25;2026-09-25 03:07
124245660;19506;2026-10-21 18:05;2026-09-25 03:07
124245660;19506;2026-10-21 18:20;2026-09-25 03:07
124245660;19506;2026-10-21 18:45;2026-09-25 03:07
124245660;19506;2026-10-21 19:00;2026-09-25 03:07
124245660;19506;2026-10-21 19:15;2026-09-25 03:07
124245660;19506;2026-10-21 19:30;2026-09-25 03:07
124245660;19506;2026-10-22 07:15;2026-09-25 03:07
124245660;19506;2026-10-22 07:40;2026-09-25 03:07
124245660;19506;2026-10-22 07:55;2026-09-25 03:07
124245660;19506;2026-10-22 08:20;2026-09-25 03:07
124245660;19506;2026-10-22 09:00;2026-09-25 03:07
124245660;19506;2026-10-22 09:30;2026-09-25 03:07
124245660;19506;2026-10-22 09:45;2026-09-25 03:07
124245660;19506;2026-10-22 10:45;2026-09-25 03:07
124245660;19506;2026-10-22 11:00;2026-09-25 03:07
124245660;19506;2026-10-22 11:15;2026-09-25 03:07
124245660;19506;2026-10-22 11:40;2026-09-25 03:07
124245660;19506;2026-10-22 11:55;2026-09-25 03:07
124245660;19506;2026-10-22 12:20;2026-09-25 03:07
124245660;19506;2026-10-22 12:35;2026-09-25 03:07
124245660;19506;2026-10-22 12:50;2026-09-25 03:07
124245660;19506;2026-10-22 13:05;2026-09-25 03:07
124245660;19506;2026-10-23 13:40;2026-09-25 03:07
124245660;19506;2026-10-23 14:20;2026-09-25 03:07
124245660;19506;2026-10-23 14:45;2026-09-25 03:07
124245660;19506;2026-10-23 15:15;2026-09-25 03:07
124245660;19506;2026-10-23 16:35;2026-09-25 03:07
124245660;19506;2026-10-23 16:50;2026-09-25 03:07
124245660;19506;2026-10-23 17:15;2026-09-25 03:07
124245660;19506;2026-10-23 17:30;2026-09-25 03:07
124245660;19506;2026-10-23 17:45;2026-09-25 03:07
124245660;19506;2026-10-23 18:00;2026-09-25 03:07
124245660;19506;2026-10-23 18:15;2026-09-25 03:07
124245660;19506;2026-10-23 18:40;2026-09-25 03:07
124245660;19506;2026-10-23 19:05;2026-09-25 03:07
124245660;19506;2026-10-23 19:20;2026-09-25 03:07
124245660;19495;2026-09-25 16:35;2026-09-25 03:07
124245660;19495;2026-09-28 10:30;2026-09-25 03:07
124245660;19495;2026-09-29 14:50;2026-09-25 03:07
124245660;19495;2026-09-30 09:45;2026-09-25 03:07
124245660;19495;2026-10-01 14:45;2026-09-25 03:07
124245660;19495;2026-10-02 10:30;2026-09-25 03:07
124245660;19495;2026-10-05 14:50;2026-09-25 03:07
124245660;19495;2026-10-06 10:30;2026-09-25 03:07
124245660;19495;2026-10-06 11:40;2026-09-25 03:07
124245660;19495;2026-10-06 11:55;2026-09-25 03:07
124245660;19495;2026-10-06 12:25;2026-09-25 03:07
124245660;19495;2026-10-06 12:50;2026-09-25 03:07
124245660;19495;2026-10-07 14:50;2026-09-25 03:07
124245660;19495;2026-10-07 16:15;2026-09-25 03:07
124245660;19495;2026-10-07 16:55;2026-09-25 03:07
124245660;19495;2026-10-07 17:10;2026-09-25 03:07
124245660;19495;2026-10-07 17:25;2026-09-25 03:07
124245660;19495;2026-10-07 17:40;2026-09-25 03:07
124245660;19495;2026-10-07 18:05;2026-09-25 03:07
124245660;19495;2026-10-07 18:45;2026-09-25 03:07
124245660;19495;2026-10-07 19:00;2026-09-25 03:07
124245660;19495;2026-10-07 19:15;2026-09-25 03:07
124245660;19495;2026-10-07 19:30;2026-09-25 03:07
124245660;19495;2026-10-08 07:15;2026-09-25 03:07
124245660;19495;2026-10-08 07:55;2026-09-25 03:07
124245660;19495;2026-10-08 08:20;2026-09-25 03:07
124245660;19495;2026-10-08 09:00;2026-09-25 03:07
124245660;19495;2026-10-08 09:15;2026-09-25 03:07
124245660;19495;2026-10-08 09:30;2026-09-25 03:07
124245660;19495;2026-10-08 09:45;2026-09-25 03:07
124245660;19495;2026-10-08 10:45;2026-09-25 03:07
124245660;19495;2026-10-08 11:00;2026-09-25 03:07
124245660;19495;2026-10-08 11:15;2026-09-25 03:07
124245660;19495;2026-10-08 11:55;2026-09-25 03:07
124245660;19495;2026-10-08 12:20;2026-09-25 03:07
124245660;19495;2026-10-08 12:35;2026-09-25 03:07
124245660;19495;2026-10-08 12:50;2026-09-25 03:07
124245660;19495;2026-10-08 13:05;2026-09-25 03:07
124245660;19495;2026-10-09 15:15;2026-09-25 03:07
124245660;19495;2026-10-09 16:35;2026-09-25 03:07
124245660;19495;2026-10-09 17:15;2026-09-25 03:07
124245660;19495;2026-10-09 17:30;2026-09-25 03:07
124245660;19495;2026-10-09 17:45;2026-09-25 03:07
124245660;19495;2026-10-09 18:00;2026-09-25 03:07
124245660;19495;2026-10-09 18:15;2026-09-25 03:07
124245660;19495;2026-10-09 18:40;2026-09-25 03:07
124245660;19495;2026-10-09 19:05;2026-09-25 03:07
124245660;19495;2026-10-09 19:20;2026-09-25 03:07
124245660;19495;2026-10-12 07:15;2026-09-25 03:07
124245660;19495;2026-10-12 07:45;2026-09-25 03:07
124245660;19495;2026-10-12 08:25;2026-09-25 03:07
124245660;19495;2026-10-12 10:30;2026-09-25 03:07
124245660;19495;2026-10-12 11:15;2026-09-25 03:07
124245660;19495;2026-10-12 11:55;2026-09-25 03:07
124245660;19495;2026-10-12 12:10;2026-09-25 03:07
124245660;19495;2026-10-12 12:25;2026-09-25 03:07
124245660;19495;2026-10-12 12:40;2026-09-25 03:07
124245660;19495;2026-10-12 12:55;2026-09-25 03:07
124245660;19495;2026-10-13 14:50;2026-09-25 03:07
124245660;19495;2026-10-13 15:05;2026-09-25 03:07
124245660;19495;2026-10-13 16:00;2026-09-25 03:07
124245660;19495;2026-10-13 16:30;2026-09-25 03:07
124245660;19495;2026-10-13 16:55;2026-09-25 03:07
124245660;19495;2026-10-13 17:25;2026-09-25 03:07
124245660;19495;2026-10-13 17:40;2026-09-25 03:07
124245660;19495;2026-10-13 18:05;2026-09-25 03:07
124245660;19495;2026-10-13 18:20;2026-09-25 03:07
124245660;19495;2026-10-13 18:45;2026-09-25 03:07
124245660;19495;2026-10-13 19:15;2026-09-25 03:07
124245660;19495;2026-10-13 19:30;2026-09-25 03:07
124245660;19495;2026-10-14 07:15;2026-09-25 03:07
124245660;19495;2026-10-14 07:30;2026-09-25 03:07
124245660;19495;2026-10-14 07:45;2026-09-25 03:07
124245660;19495;2026-10-14 08:00;2026-09-25 03:07
124245660;19495;2026-10-14 08:25;2026-09-25 03:07
124245660;19495;2026-10-14 09:20;2026-09-25 03:07
124245660;19495;2026-10-14 09:45;2026-09-25 03:07
124245660;19495;2026-10-14 11:00;2026-09-25 03:07
124245660;19495;2026-10-14 11:15;2026-09-25 03:07
124245660;19495;2026-10-14 11:40;2026-09-25 03:07
124245660;19495;2026-10-14 11:55;2026-09-25 03:07
124245660;19495;2026-10-14 12:20;2026-09-25 03:07
124245660;19495;2026-10-14 12:35;2026-09-25 03:07
124245660;19495;2026-10-15 14:45;2026-09-25 03:07
124245660;19495;2026-10-15 16:55;2026-09-25 03:07
124245660;19495;2026-10-15 17:10;2026-09-25 03:07
124245660;19495;2026-10-15 17:25;2026-09-25 03:07
124245660;19495;2026-10-15 17:40;2026-09-25 03:07
124245660;19495;2026-10-15 18:05;2026-09-25 03:07
124245660;19495;2026-10-15 18:20;2026-09-25 03:07
124245660;19495;2026-10-15 18:45;2026-09-25 03:07
124245660;19495;2026-10-15 19:15;2026-09-25 03:07
124245660;19495;2026-10-15 19:30;2026-09-25 03:07
124245660;19495;2026-10-16 07:15;2026-09-25 03:07
124245660;19495;2026-10-16 07:30;2026-09-25 03:07
124245660;19495;2026-10-16 07:45;2026-09-25 03:07
124245660;19495;2026-10-16 08:00;2026-09-25 03:07
124245660;19495;2026-10-16 08:25;2026-09-25 03:07
124245660;19495;2026-10-16 08:55;2026-09-25 03:07
124245660;19495;2026-10-16 09:35;2026-09-25 03:07
124245660;19495;2026-10-16 10:30;2026-09-25 03:07
124245660;19495;2026-10-16 11:05;2026-09-25 03:07
124245660;19495;2026-10-16 11:35;2026-09-25 03:07
124245660;19495;2026-10-16 11:50;2026-09-25 03:07
124245660;19495;2026-10-16 12:15;2026-09-25 03:07
124245660;19495;2026-10-16 12:40;2026-09-25 03:07
124245660;19495;2026-10-16 12:55;2026-09-25 03:07
124245660;19495;2026-10-19 14:50;2026-09-25 03:07
124245660;19495;2026-10-19 16:00;2026-09-25 03:07
124245660;19495;2026-10-19 17:00;2026-09-25 03:07
124245660;19495;2026-10-19 18:10;2026-09-25 03:07
124245660;19495;2026-10-19 18:30;2026-09-25 03:07
124245660;19495;2026-10-19 19:10;2026-09-25 03:07
124245660;19495;2026-10-20 07:15;2026-09-25 03:07
124245660;19495;2026-10-20 07:30;2026-09-25 03:07
124245660;19495;2026-10-20 07:45;2026-09-25 03:07
124245660;19495;2026-10-20 08:00;2026-09-25 03:07
124245660;19495;2026-10-20 08:25;2026-09-25 03:07
124245660;19495;2026-10-20 09:05;2026-09-25 03:07
124245660;19495;2026-10-20 09:35;2026-09-25 03:07
124245660;19495;2026-10-20 10:30;2026-09-25 03:07
124245660;19495;2026-10-20 11:40;2026-09-25 03:07
124245660;19495;2026-10-20 11:55;2026-09-25 03:07
124245660;19495;2026-10-20 12:10;2026-09-25 03:07
124245660;19495;2026-10-20 12:25;2026-09-25 03:07
124245660;19495;2026-10-20 12:50;2026-09-25 03:07
124245660;19495;2026-10-20 13:05;2026-09-25 03:07
124245660;19495;2026-10-21 14:25;2026-09-25 03:07
124245660;19495;2026-10-21 14:50;2026-09-25 03:07
124245660;19495;2026-10-21 15:15;2026-09-25 03:07
124245660;19495;2026-10-21 16:15;2026-09-25 03:07
124245660;19495;2026-10-21 16:55;2026-09-25 03:07
124245660;19495;2026-10-21 17:10;2026-09-25 03:07
124245660;19495;2026-10-21 17:25;2026-09-25 03:07
124245660;19495;2026-10-21 17:40;2026-09-25 03:07
124245660;19495;2026-10-21 18:05;2026-09-25 03:07
124245660;19495;2026-10-21 18:20;2026-09-25 03:07
124245660;19495;2026-10-21 18:45;2026-09-25 03:07
124245660;19495;2026-10-21 19:00;2026-09-25 03:07
124245660;19495;2026-10-21 19:15;2026-09-25 03:07
124245660;19495;2026-10-21 19:30;2026-09-25 03:07
124245660;19495;2026-10-22 07:15;2026-09-25 03:07
124245660;19495;2026-10-22 07:40;2026-09-25 03:07
124245660;19495;2026-10-22 07:55;2026-09-25 03:07
124245660;19495;2026-10-22 09:00;2026-09-25 03:07
124245660;19495;2026-10-22 09:15;2026-09-25 03:07
124245660;19495;2026-10-22 09:30;2026-09-25 03:07
124245660;19495;2026-10-22 09:45;2026-09-25 03:07
124245660;19495;2026-10-22 10:45;2026-09-25 03:07
124245660;19495;2026-10-22 11:00;2026-09-25 03:07
124245660;19495;2026-10-22 11:15;2026-09-25 03:07
124245660;19495;2026-10-22 11:40;2026-09-25 03:07
124245660;19495;2026-10-22 11:55;2026-09-25 03:07
124245660;19495;2026-10-22 12:20;2026-09-25 03:07
124245660;19495;2026-10-22 12:35;2026-09-25 03:07
124245660;19495;2026-10-22 12:50;2026-09-25 03:07
124245660;19495;2026-10-22 13:05;2026-09-25 03:07
124245660;19495;2026-10-23 14:20;2026-09-25 03:07
124245660;19495;2026-10-23 14:45;2026-09-25 03:07
124245660;19495;2026-10-23 15:15;2026-09-25 03:07
124245660;19495;2026-10-23 16:35;2026-09-25 03:07
124245660;19495;2026-10-23 16:50;2026-09-25 03:07
124245660;19495;2026-10-23 17:15;2026-09-25 03:07
124245660;19495;2026-10-23 17:30;2026-09-25 03:07
124245660;19495;2026-10-23 17:45;2026-09-25 03:07
124245660;19495;2026-10-23 18:00;2026-09-25 03:07
124245660;19495;2026-10-23 18:15;2026-09-25 03:07
124245660;19495;2026-10-23 18:40;2026-09-25 03:07
124245660;19495;2026-10-23 19:05;2026-09-25 03:07
124245660;19495;2026-10-23 19:20;2026-09-25 03:07
124245660;18518;2026-09-25 10:30;2026-09-25 03:07
124245660;18518;2026-09-28 14:50;2026-09-25 03:07
124245660;18518;2026-09-29 10:30;2026-09-25 03:07
124245660;18518;2026-09-30 14:50;2026-09-25 03:07
124245660;18518;2026-10-01 09:45;2026-09-25 03:07
124245660;18518;2026-10-02 14:50;2026-09-25 03:07
124245660;18518;2026-10-05 10:30;2026-09-25 03:07
124245660;18518;2026-10-06 14:50;2026-09-25 03:07
124245660;18518;2026-10-14 14:50;2026-09-25 03:07
124245660;18518;2026-10-14 17:00;2026-09-25 03:07
124245660;18518;2026-10-14 18:10;2026-09-25 03:07
124245660;18518;2026-10-14 18:30;2026-09-25 03:07
124245660;18518;2026-10-14 19:10;2026-09-25 03:07
124245660;18518;2026-10-15 09:45;2026-09-25 03:07
124245660;18518;2026-10-15 12:50;2026-09-25 03:07
124245660;18518;2026-10-15 13:05;2026-09-25 03:07
124245660;18518;2026-10-16 14:45;2026-09-25 03:07
124245660;18518;2026-10-16 15:15;2026-09-25 03:07
124245660;18518;2026-10-16 16:35;2026-09-25 03:07
124245660;18518;2026-10-16 16:50;2026-09-25 03:07
124245660;18518;2026-10-16 17:15;2026-09-25 03:07
124245660;18518;2026-10-16 17:45;2026-09-25 03:07
124245660;18518;2026-10-16 18:15;2026-09-25 03:07
124245660;18518;2026-10-16 18:40;2026-09-25 03:07
124245660;18518;2026-10-19 08:25;2026-09-25 03:07
124245660;18518;2026-10-19 09:05;2026-09-25 03:07
124245660;18518;2026-10-19 09:45;2026-09-25 03:07
124245660;18518;2026-10-19 10:30;2026-09-25 03:07
124245660;18518;2026-10-19 10:45;2026-09-25 03:07
124245660;18518;2026-10-19 11:15;2026-09-25 03:07
124245660;18518;2026-10-19 11:55;2026-09-25 03:07
124245660;18518;2026-10-19 12:10;2026-09-25 03:07
124245660;18518;2026-10-19 12:25;2026-09-25 03:07
124245660;18518;2026-10-19 12:40;2026-09-25 03:07
124245660;18518;2026-10-19 12:55;2026-09-25 03:07
124245660;18518;2026-10-20 14:25;2026-09-25 03:07
124245660;18518;2026-10-20 14:50;2026-09-25 03:07
124245660;18518;2026-10-20 15:05;2026-09-25 03:07
124245660;18518;2026-10-20 16:00;2026-09-25 03:07
124245660;18518;2026-10-20 16:30;2026-09-25 03:07
124245660;18518;2026-10-20 16:55;2026-09-25 03:07
124245660;18518;2026-10-20 17:25;2026-09-25 03:07
124245660;18518;2026-10-20 17:40;2026-09-25 03:07
124245660;18518;2026-10-20 18:05;2026-09-25 03:07
124245660;18518;2026-10-20 18:20;2026-09-25 03:07
124245660;18518;2026-10-20 18:45;2026-09-25 03:07
124245660;18518;2026-10-20 19:00;2026-09-25 03:07
124245660;18518;2026-10-20 19:15;2026-09-25 03:07
124245660;18518;2026-10-20 19:30;2026-09-25 03:07
124245660;18518;2026-10-21 07:15;2026-09-25 03:07
124245660;18518;2026-10-21 07:30;2026-09-25 03:07
124245660;18518;2026-10-21 07:45;2026-09-25 03:07
124245660;18518;2026-10-21 08:00;2026-09-25 03:07
124245660;18518;2026-10-21 08:25;2026-09-25 03:07
124245660;18518;2026-10-21 09:20;2026-09-25 03:07
124245660;18518;2026-10-21 09:45;2026-09-25 03:07
124245660;18518;2026-10-21 10:45;2026-09-25 03:07
124245660;18518;2026-10-21 11:00;2026-09-25 03:07
124245660;18518;2026-10-21 11:15;2026-09-25 03:07
124245660;18518;2026-10-21 11:40;2026-09-25 03:07
124245660;18518;2026-10-21 11:55;2026-09-25 03:07
124245660;18518;2026-10-21 12:20;2026-09-25 03:07
124245660;18518;2026-10-21 12:35;2026-09-25 03:07
124245660;18518;2026-10-22 14:45;2026-09-25 03:07
124245660;18518;2026-10-22 15:00;2026-09-25 03:07
124245660;18518;2026-10-22 15:15;2026-09-25 03:07
124245660;18518;2026-10-22 16:00;2026-09-25 03:07
124245660;18518;2026-10-22 16:15;2026-09-25 03:07
124245660;18518;2026-10-22 16:55;2026-09-25 03:07
124245660;18518;2026-10-22 17:10;2026-09-25 03:07
124245660;18518;2026-10-22 17:25;2026-09-25 03:07
124245660;18518;2026-10-22 17:40;2026-09-25 03:07
124245660;18518;2026-10-22 18:05;2026-09-25 03:07
124245660;18518;2026-10-22 18:20;2026-09-25 03:07
124245660;18518;2026-10-22 18:45;2026-09-25 03:07
124245660;18518;2026-10-22 19:00;2026-09-25 03:07
124245660;18518;2026-10-22 19:15;2026-09-25 03:07
124245660;18518;2026-10-22 19:30;2026-09-25 03:07
124245660;18518;2026-10-23 07:15;2026-09-25 03:07
124245660;18518;2026-10-23 07:30;2026-09-25 03:07
124245660;18518;2026-10-23 07:45;2026-09-25 03:07
124245660;18518;2026-10-23 08:55;2026-09-25 03:07
124245660;18518;2026-10-23 09:35;2026-09-25 03:07
124245660;18518;2026-10-23 10:30;2026-09-25 03:07
124245660;18518;2026-10-23 11:05;2026-09-25 03:07
124245660;18518;2026-10-23 11:50;2026-09-25 03:07
124245660;18518;2026-10-23 12:15;2026-09-25 03:07
124245660;18518;2026-10-23 12:55;2026-09-25 03:07
124245660;18248;2026-09-25 10:30;2026-09-25 03:07
124245660;18248;2026-09-28 15:30;2026-09-25 03:07
124245660;18248;2026-09-29 10:30;2026-09-25 03:07
124245660;18248;2026-09-30 15:30;2026-09-25 03:07
124245660;18248;2026-10-01 09:45;2026-09-25 03:07
124245660;18248;2026-10-02 17:20;2026-09-25 03:07
124245660;18248;2026-10-05 10:30;2026-09-25 03:07
124245660;18248;2026-10-06 15:30;2026-09-25 03:07
124245660;18248;2026-10-07 09:45;2026-09-25 03:07
124245660;18248;2026-10-08 15:30;2026-09-25 03:07
124245660;18248;2026-10-09 10:30;2026-09-25 03:07
124245660;18248;2026-10-12 15:30;2026-09-25 03:07
124245660;18248;2026-10-13 10:30;2026-09-25 03:07
124245660;18248;2026-10-14 15:30;2026-09-25 03:07
124245660;18248;2026-10-15 09:45;2026-09-25 03:07
124245660;18248;2026-10-16 17:20;2026-09-25 03:07
124245660;18248;2026-10-19 07:15;2026-09-25 03:07
124245660;18248;2026-10-19 07:30;2026-09-25 03:07
124245660;18248;2026-10-19 07:45;2026-09-25 03:07
124245660;18248;2026-10-19 08:25;2026-09-25 03:07
124245660;18248;2026-10-19 09:45;2026-09-25 03:07
124245660;18248;2026-10-19 10:30;2026-09-25 03:07
124245660;18248;2026-10-19 10:45;2026-09-25 03:07
124245660;18248;2026-10-19 11:15;2026-09-25 03:07
124245660;18248;2026-10-19 11:45;2026-09-25 03:07
124245660;18248;2026-10-20 14:20;2026-09-25 03:07
124245660;18248;2026-10-20 14:35;2026-09-25 03:07
124245660;18248;2026-10-20 15:05;2026-09-25 03:07
124245660;18248;2026-10-20 15:30;2026-09-25 03:07
124245660;18248;2026-10-20 15:45;2026-09-25 03:07
124245660;18248;2026-10-20 16:40;2026-09-25 03:07
124245660;18248;2026-10-20 17:10;2026-09-25 03:07
124245660;18248;2026-10-20 17:35;2026-09-25 03:07
124245660;18248;2026-10-20 17:50;2026-09-25 03:07
124245660;18248;2026-10-21 07:15;2026-09-25 03:07
124245660;18248;2026-10-21 07:30;2026-09-25 03:07
124245660;18248;2026-10-21 07:45;2026-09-25 03:07
124245660;18248;2026-10-21 08:00;2026-09-25 03:07
124245660;18248;2026-10-21 08:25;2026-09-25 03:07
124245660;18248;2026-10-21 09:05;2026-09-25 03:07
124245660;18248;2026-10-21 09:20;2026-09-25 03:07
124245660;18248;2026-10-21 09:45;2026-09-25 03:07
124245660;18248;2026-10-21 10:45;2026-09-25 03:07
124245660;18248;2026-10-21 11:00;2026-09-25 03:07
124245660;18248;2026-10-21 11:15;2026-09-25 03:07
124245660;18248;2026-10-21 11:40;2026-09-25 03:07
124245660;18248;2026-10-22 13:40;2026-09-25 03:07
124245660;18248;2026-10-22 13:55;2026-09-25 03:07
124245660;18248;2026-10-22 14:10;2026-09-25 03:07
124245660;18248;2026-10-22 14:25;2026-09-25 03:07
124245660;18248;2026-10-22 15:05;2026-09-25 03:07
124245660;18248;2026-10-22 15:30;2026-09-25 03:07
124245660;18248;2026-10-22 15:45;2026-09-25 03:07
124245660;18248;2026-10-22 16:40;2026-09-25 03:07
124245660;18248;2026-10-22 16:55;2026-09-25 03:07
124245660;18248;2026-10-22 17:35;2026-09-25 03:07
124245660;18248;2026-10-22 17:50;2026-09-25 03:07
124245660;18248;2026-10-22 18:05;2026-09-25 03:07
124245660;18248;2026-10-22 18:20;2026-09-25 03:07
124245660;18248;2026-10-23 07:15;2026-09-25 03:07
124245660;18248;2026-10-23 07:30;2026-09-25 03:07
124245660;18248;2026-10-23 07:45;2026-09-25 03:07
124245660;18248;2026-10-23 08:00;2026-09-25 03:07
124245660;18248;2026-10-23 08:25;2026-09-25 03:07
124245660;18248;2026-10-23 08:55;2026-09-25 03:07
124245660;18248;2026-10-23 09:35;2026-09-25 03:07
124245660;18248;2026-10-23 10:30;2026-09-25 03:07
124245660;18248;2026-10-23 11:35;2026-09-25 03:07
124245660;18248;2026-10-23 11:50;2026-09-25 03:07
124245660;17334;2026-09-25 11:41;2026-09-25 03:07
124245660;17334;2026-09-25 12:29;2026-09-25 03:07
124245660;17334;2026-09-28 17:56;2026-09-25 03:07
124245660;17334;2026-09-29 08:19;2026-09-25 03:07
124245660;17334;2026-09-29 08:35;2026-09-25 03:07
124245660;17334;2026-09-29 08:51;2026-09-25 03:07
124245660;17334;2026-09-29 09:07;2026-09-25 03:07
124245660;17334;2026-09-29 09:55;2026-09-25 03:07
124245660;17334;2026-09-29 11:41;2026-09-25 03:07
124245660;17334;2026-09-29 12:13;2026-09-25 03:07
124245660;17334;2026-09-29 12:29;2026-09-25 03:07
124245660;17334;2026-09-29 12:45;2026-09-25 03:07
124245660;17334;2026-09-30 15:00;2026-09-25 03:07
124245660;17334;2026-09-30 15:20;2026-09-25 03:07
124245660;17334;2026-09-30 15:40;2026-09-25 03:07
124245660;17334;2026-09-30 17:32;2026-09-25 03:07
124245660;17334;2026-10-01 08:19;2026-09-25 03:07
124245660;17334;2026-10-01 08:35;2026-09-25 03:07
124245660;17334;2026-10-01 08:51;2026-09-25 03:07
124245660;17334;2026-10-01 09:07;2026-09-25 03:07
124245660;17334;2026-10-01 09:23;2026-09-25 03:07
124245660;17334;2026-10-01 09:39;2026-09-25 03:07
124245660;17334;2026-10-01 09:55;2026-09-25 03:07
124245660;17334;2026-10-01 11:57;2026-09-25 03:07
124245660;17334;2026-10-01 12:29;2026-09-25 03:07
124245660;17334;2026-10-01 12:45;2026-09-25 03:07
124245660;17334;2026-10-01 13:01;2026-09-25 03:07
124245660;17334;2026-10-02 14:33;2026-09-25 03:07
124245660;17334;2026-10-02 14:49;2026-09-25 03:07
124245660;17334;2026-10-02 18:12;2026-09-25 03:07
124245660;17334;2026-10-05 08:03;2026-09-25 03:07
124245660;17334;2026-10-05 08:19;2026-09-25 03:07
124245660;17334;2026-10-05 08:35;2026-09-25 03:07
124245660;17334;2026-10-05 08:51;2026-09-25 03:07
124245660;17334;2026-10-05 09:23;2026-09-25 03:07
124245660;17334;2026-10-05 09:39;2026-09-25 03:07
124245660;17334;2026-10-05 09:55;2026-09-25 03:07
124245660;17334;2026-10-05 12:29;2026-09-25 03:07
124245660;17334;2026-10-05 12:45;2026-09-25 03:07
124245660;17334;2026-10-06 14:33;2026-09-25 03:07
124245660;17334;2026-10-06 14:49;2026-09-25 03:07
124245660;17334;2026-10-06 15:05;2026-09-25 03:07
124245660;17334;2026-10-06 15:21;2026-09-25 03:07
124245660;17334;2026-10-06 15:37;2026-09-25 03:07
124245660;17334;2026-10-06 15:53;2026-09-25 03:07
124245660;17334;2026-10-06 16:09;2026-09-25 03:07
124245660;17334;2026-10-06 18:12;2026-09-25 03:07
124245660;17334;2026-10-06 19:16;2026-09-25 03:07
124245660;17334;2026-10-07 07:46;2026-09-25 03:07
124245660;17334;2026-10-07 08:02;2026-09-25 03:07
124245660;17334;2026-10-07 08:34;2026-09-25 03:07
124245660;17334;2026-10-07 11:50;2026-09-25 03:07
124245660;17334;2026-10-07 12:10;2026-09-25 03:07
124245660;17334;2026-10-07 12:30;2026-09-25 03:07
124245660;17334;2026-10-07 12:50;2026-09-25 03:07
124245660;17334;2026-10-07 13:10;2026-09-25 03:07
124245660;17334;2026-10-08 14:17;2026-09-25 03:07
124245660;17334;2026-10-08 14:33;2026-09-25 03:07
124245660;17334;2026-10-08 14:49;2026-09-25 03:07
124245660;17334;2026-10-08 15:05;2026-09-25 03:07
124245660;17334;2026-10-08 15:21;2026-09-25 03:07
124245660;17334;2026-10-08 15:37;2026-09-25 03:07
124245660;17334;2026-10-08 15:53;2026-09-25 03:07
124245660;17334;2026-10-08 18:12;2026-09-25 03:07
124245660;17334;2026-10-08 18:28;2026-09-25 03:07
124245660;17334;2026-10-08 18:44;2026-09-25 03:07
124245660;17334;2026-10-08 19:00;2026-09-25 03:07
124245660;17334;2026-10-08 19:16;2026-09-25 03:07
124245660;17334;2026-10-09 07:47;2026-09-25 03:07
124245660;17334;2026-10-09 08:03;2026-09-25 03:07
124245660;17334;2026-10-09 08:19;2026-09-25 03:07
124245660;17334;2026-10-09 08:35;2026-09-25 03:07
124245660;17334;2026-10-09 08:51;2026-09-25 03:07
124245660;17334;2026-10-09 09:07;2026-09-25 03:07
124245660;17334;2026-10-09 09:23;2026-09-25 03:07
124245660;17334;2026-10-09 09:39;2026-09-25 03:07
124245660;17334;2026-10-09 09:55;2026-09-25 03:07
124245660;17334;2026-10-09 11:57;2026-09-25 03:07
124245660;17334;2026-10-09 12:13;2026-09-25 03:07
124245660;17334;2026-10-09 12:29;2026-09-25 03:07
124245660;17334;2026-10-12 14:17;2026-09-25 03:07
124245660;17334;2026-10-12 14:33;2026-09-25 03:07
124245660;17334;2026-10-12 14:49;2026-09-25 03:07
124245660;17334;2026-10-12 15:05;2026-09-25 03:07
124245660;17334;2026-10-12 15:21;2026-09-25 03:07
124245660;17334;2026-10-12 15:37;2026-09-25 03:07
124245660;17334;2026-10-12 15:53;2026-09-25 03:07
124245660;17334;2026-10-12 16:09;2026-09-25 03:07
124245660;17334;2026-10-12 18:44;2026-09-25 03:07
124245660;17334;2026-10-13 07:53;2026-09-25 03:07
124245660;17334;2026-10-13 08:09;2026-09-25 03:07
124245660;17334;2026-10-13 08:25;2026-09-25 03:07
124245660;17334;2026-10-13 08:41;2026-09-25 03:07
124245660;17334;2026-10-13 08:57;2026-09-25 03:07
124245660;17334;2026-10-13 09:13;2026-09-25 03:07
124245660;17334;2026-10-13 09:29;2026-09-25 03:07
124245660;17334;2026-10-13 09:45;2026-09-25 03:07
124245660;17334;2026-10-13 11:47;2026-09-25 03:07
124245660;17334;2026-10-13 12:03;2026-09-25 03:07
124245660;17334;2026-10-13 12:19;2026-09-25 03:07
124245660;17334;2026-10-13 12:35;2026-09-25 03:07
124245660;17334;2026-10-13 12:51;2026-09-25 03:07
124245660;17334;2026-10-14 14:00;2026-09-25 03:07
124245660;17334;2026-10-14 14:20;2026-09-25 03:07
124245660;17334;2026-10-14 14:40;2026-09-25 03:07
124245660;17334;2026-10-14 15:00;2026-09-25 03:07
124245660;17334;2026-10-14 16:30;2026-09-25 03:07
124245660;17334;2026-10-14 17:33;2026-09-25 03:07
124245660;17334;2026-10-14 19:08;2026-09-25 03:07
124245660;17334;2026-10-14 19:24;2026-09-25 03:07
124245660;17334;2026-10-15 08:03;2026-09-25 03:07
124245660;17334;2026-10-15 08:19;2026-09-25 03:07
124245660;17334;2026-10-15 08:35;2026-09-25 03:07
124245660;17334;2026-10-15 09:07;2026-09-25 03:07
124245660;17334;2026-10-15 09:23;2026-09-25 03:07
124245660;17334;2026-10-15 09:39;2026-09-25 03:07
124245660;17334;2026-10-15 09:55;2026-09-25 03:07
124245660;17334;2026-10-15 11:57;2026-09-25 03:07
124245660;17334;2026-10-15 12:13;2026-09-25 03:07
124245660;17334;2026-10-15 12:45;2026-09-25 03:07
124245660;17334;2026-10-15 13:01;2026-09-25 03:07
124245660;17334;2026-10-16 14:17;2026-09-25 03:07
124245660;17334;2026-10-16 14:33;2026-09-25 03:07
124245660;17334;2026-10-16 14:49;2026-09-25 03:07
124245660;17334;2026-10-16 15:05;2026-09-25 03:07
124245660;17334;2026-10-16 15:21;2026-09-25 03:07
124245660;17334;2026-10-16 15:37;2026-09-25 03:07
124245660;17334;2026-10-16 15:53;2026-09-25 03:07
124245660;17334;2026-10-16 16:09;2026-09-25 03:07
124245660;17334;2026-10-16 18:12;2026-09-25 03:07
124245660;17334;2026-10-16 18:44;2026-09-25 03:07
124245660;17334;2026-10-16 19:00;2026-09-25 03:07
124245660;17334;2026-10-16 19:16;2026-09-25 03:07
124245660;17334;2026-10-19 07:47;2026-09-25 03:07
124245660;17334;2026-10-19 08:03;2026-09-25 03:07
124245660;17334;2026-10-19 08:19;2026-09-25 03:07
124245660;17334;2026-10-19 08:35;2026-09-25 03:07
124245660;17334;2026-10-19 08:51;2026-09-25 03:07
124245660;17334;2026-10-19 09:07;2026-09-25 03:07
124245660;17334;2026-10-19 09:23;2026-09-25 03:07
124245660;17334;2026-10-19 09:39;2026-09-25 03:07
124245660;17334;2026-10-19 09:55;2026-09-25 03:07
124245660;17334;2026-10-19 12:29;2026-09-25 03:07
124245660;17334;2026-10-19 12:45;2026-09-25 03:07
124245660;17334;2026-10-20 14:17;2026-09-25 03:07
124245660;17334;2026-10-20 14:33;2026-09-25 03:07
124245660;17334;2026-10-20 14:49;2026-09-25 03:07
124245660;17334;2026-10-20 15:05;2026-09-25 03:07
124245660;17334;2026-10-20 15:21;2026-09-25 03:07
124245660;17334;2026-10-20 15:37;2026-09-25 03:07
124245660;17334;2026-10-20 15:53;2026-09-25 03:07
124245660;17334;2026-10-20 16:09;2026-09-25 03:07
124245660;17334;2026-10-20 18:12;2026-09-25 03:07
124245660;17334;2026-10-20 19:00;2026-09-25 03:07
124245660;17334;2026-10-20 19:16;2026-09-25 03:07
124245660;17334;2026-10-21 07:30;2026-09-25 03:07
124245660;17334;2026-10-21 07:46;2026-09-25 03:07
124245660;17334;2026-10-21 08:02;2026-09-25 03:07
124245660;17334;2026-10-21 08:18;2026-09-25 03:07
124245660;17334;2026-10-21 08:34;2026-09-25 03:07
124245660;17334;2026-10-21 10:20;2026-09-25 03:07
124245660;17334;2026-10-21 11:30;2026-09-25 03:07
124245660;17334;2026-10-21 11:50;2026-09-25 03:07
124245660;17334;2026-10-21 13:10;2026-09-25 03:07
124245660;17334;2026-10-22 14:17;2026-09-25 03:07
124245660;17334;2026-10-22 14:33;2026-09-25 03:07
124245660;17334;2026-10-22 14:49;2026-09-25 03:07
124245660;17334;2026-10-22 15:05;2026-09-25 03:07
124245660;17334;2026-10-22 15:21;2026-09-25 03:07
124245660;17334;2026-10-22 15:37;2026-09-25 03:07
124245660;17334;2026-10-22 15:53;2026-09-25 03:07
124245660;17334;2026-10-22 16:09;2026-09-25 03:07
124245660;17334;2026-10-22 18:12;2026-09-25 03:07
124245660;17334;2026-10-22 18:44;2026-09-25 03:07
124245660;17334;2026-10-22 19:00;2026-09-25 03:07
124245660;17334;2026-10-22 19:16;2026-09-25 03:07
124245660;17334;2026-10-23 07:47;2026-09-25 03:07
124245660;17334;2026-10-23 08:03;2026-09-25 03:07
124245660;17334;2026-10-23 08:19;2026-09-25 03:07
124245660;17334;2026-10-23 08:35;2026-09-25 03:07
124245660;17334;2026-10-23 08:51;2026-09-25 03:07
124245660;17334;2026-10-23 09:07;2026-09-25 03:07
124245660;17334;2026-10-23 09:23;2026-09-25 03:07
124245660;17334;2026-10-23 09:39;2026-09-25 03:07
124245660;17334;2026-10-23 09:55;2026-09-25 03:07
124245660;17334;2026-10-23 11:57;2026-09-25 03:07
124245660;17334;2026-10-23 12:13;2026-09-25 03:07
124245660;17334;2026-10-23 12:29;2026-09-25 03:07
124245660;17334;2026-10-23 12:45;2026-09-25 03:07
124245660;17306;2026-09-25 10:30;2026-09-25 03:07
124245660;17306;2026-09-25 14:45;2026-09-25 03:07
124245660;17306;2026-09-28 12:15;2026-09-25 03:07
124245660;17306;2026-09-28 14:50;2026-09-25 03:07
124245660;17306;2026-09-29 10:30;2026-09-25 03:07
124245660;17306;2026-09-29 10:45;2026-09-25 03:07
124245660;17306;2026-09-29 14:45;2026-09-25 03:07
124245660;17306;2026-09-30 12:15;2026-09-25 03:07
124245660;17306;2026-09-30 14:50;2026-09-25 03:07
124245660;17306;2026-10-01 09:45;2026-09-25 03:07
124245660;17306;2026-10-01 14:45;2026-09-25 03:07
124245660;17306;2026-10-02 12:15;2026-09-25 03:07
124245660;17306;2026-10-02 14:20;2026-09-25 03:07
124245660;17306;2026-10-02 14:45;2026-09-25 03:07
124245660;17306;2026-10-02 16:35;2026-09-25 03:07
124245660;17306;2026-10-02 18:15;2026-09-25 03:07
124245660;17306;2026-10-02 18:40;2026-09-25 03:07
124245660;17306;2026-10-05 07:30;2026-09-25 03:07
124245660;17306;2026-10-05 07:45;2026-09-25 03:07
124245660;17306;2026-10-05 08:25;2026-09-25 03:07
124245660;17306;2026-10-05 10:30;2026-09-25 03:07
124245660;17306;2026-10-05 10:45;2026-09-25 03:07
124245660;17306;2026-10-05 11:15;2026-09-25 03:07
124245660;17306;2026-10-05 11:55;2026-09-25 03:07
124245660;17306;2026-10-05 12:10;2026-09-25 03:07
124245660;17306;2026-10-05 12:25;2026-09-25 03:07
124245660;17306;2026-10-05 12:40;2026-09-25 03:07
124245660;17306;2026-10-05 14:45;2026-09-25 03:07
124245660;17306;2026-10-06 12:15;2026-09-25 03:07
124245660;17306;2026-10-06 14:25;2026-09-25 03:07
124245660;17306;2026-10-06 14:50;2026-09-25 03:07
124245660;17306;2026-10-06 15:05;2026-09-25 03:07
124245660;17306;2026-10-06 17:25;2026-09-25 03:07
124245660;17306;2026-10-06 17:40;2026-09-25 03:07
124245660;17306;2026-10-06 18:05;2026-09-25 03:07
124245660;17306;2026-10-06 18:20;2026-09-25 03:07
124245660;17306;2026-10-06 19:15;2026-09-25 03:07
124245660;17306;2026-10-06 19:30;2026-09-25 03:07
124245660;17306;2026-10-07 07:15;2026-09-25 03:07
124245660;17306;2026-10-07 07:30;2026-09-25 03:07
124245660;17306;2026-10-07 07:45;2026-09-25 03:07
124245660;17306;2026-10-07 08:00;2026-09-25 03:07
124245660;17306;2026-10-07 08:25;2026-09-25 03:07
124245660;17306;2026-10-07 09:05;2026-09-25 03:07
124245660;17306;2026-10-07 09:20;2026-09-25 03:07
124245660;17306;2026-10-07 09:45;2026-09-25 03:07
124245660;17306;2026-10-07 10:45;2026-09-25 03:07
124245660;17306;2026-10-07 11:00;2026-09-25 03:07
124245660;17306;2026-10-07 11:15;2026-09-25 03:07
124245660;17306;2026-10-07 11:40;2026-09-25 03:07
124245660;17306;2026-10-07 11:55;2026-09-25 03:07
124245660;17306;2026-10-07 12:35;2026-09-25 03:07
124245660;17306;2026-10-07 14:45;2026-09-25 03:07
124245660;17306;2026-10-08 12:15;2026-09-25 03:07
124245660;17306;2026-10-08 14:45;2026-09-25 03:07
124245660;17306;2026-10-08 15:00;2026-09-25 03:07
124245660;17306;2026-10-08 15:15;2026-09-25 03:07
124245660;17306;2026-10-08 16:00;2026-09-25 03:07
124245660;17306;2026-10-08 16:15;2026-09-25 03:07
124245660;17306;2026-10-08 16:55;2026-09-25 03:07
124245660;17306;2026-10-08 17:10;2026-09-25 03:07
124245660;17306;2026-10-08 17:25;2026-09-25 03:07
124245660;17306;2026-10-08 17:40;2026-09-25 03:07
124245660;17306;2026-10-08 18:05;2026-09-25 03:07
124245660;17306;2026-10-08 18:20;2026-09-25 03:07
124245660;17306;2026-10-08 18:45;2026-09-25 03:07
124245660;17306;2026-10-08 19:00;2026-09-25 03:07
124245660;17306;2026-10-08 19:15;2026-09-25 03:07
124245660;17306;2026-10-08 19:30;2026-09-25 03:07
124245660;17306;2026-10-09 07:30;2026-09-25 03:07
124245660;17306;2026-10-09 07:45;2026-09-25 03:07
124245660;17306;2026-10-09 08:00;2026-09-25 03:07
124245660;17306;2026-10-09 08:25;2026-09-25 03:07
124245660;17306;2026-10-09 08:55;2026-09-25 03:07
124245660;17306;2026-10-09 09:35;2026-09-25 03:07
124245660;17306;2026-10-09 10:30;2026-09-25 03:07
124245660;17306;2026-10-09 11:05;2026-09-25 03:07
124245660;17306;2026-10-09 11:35;2026-09-25 03:07
124245660;17306;2026-10-09 11:50;2026-09-25 03:07
124245660;17306;2026-10-09 12:40;2026-09-25 03:07
124245660;17306;2026-10-09 14:45;2026-09-25 03:07
124245660;17061;2026-09-25 10:30;2026-09-25 03:07
124245660;17061;2026-09-28 14:50;2026-09-25 03:07
124245660;17061;2026-09-29 10:30;2026-09-25 03:07
124245660;17061;2026-09-30 14:50;2026-09-25 03:07
124245660;17061;2026-10-01 09:45;2026-09-25 03:07
124245660;17061;2026-10-02 16:35;2026-09-25 03:07
124245660;17061;2026-10-05 09:45;2026-09-25 03:07
124245660;17061;2026-10-06 14:50;2026-09-25 03:07
124245660;17061;2026-10-07 09:45;2026-09-25 03:07
124245660;17061;2026-10-08 14:45;2026-09-25 03:07
124245660;17061;2026-10-09 10:30;2026-09-25 03:07
124245660;17061;2026-10-12 14:50;2026-09-25 03:07
124245660;17061;2026-10-13 09:45;2026-09-25 03:07
124245660;17061;2026-10-14 14:50;2026-09-25 03:07
124245660;17061;2026-10-15 09:45;2026-09-25 03:07
124245660;17061;2026-10-16 16:35;2026-09-25 03:07
124245660;17061;2026-10-16 17:15;2026-09-25 03:07
124245660;17061;2026-10-16 17:30;2026-09-25 03:07
124245660;17061;2026-10-16 17:45;2026-09-25 03:07
124245660;17061;2026-10-16 18:40;2026-09-25 03:07
124245660;16749;2026-09-28 15:55;2026-09-25 03:07
124245660;16749;2026-09-29 15:55;2026-09-25 03:07
124245660;16749;2026-09-30 15:55;2026-09-25 03:07
124245660;16749;2026-10-01 15:55;2026-09-25 03:07
124245660;16749;2026-10-05 15:55;2026-09-25 03:07
124245660;16749;2026-10-06 15:55;2026-09-25 03:07
124245660;16749;2026-10-07 15:55;2026-09-25 03:07
124245660;16749;2026-10-08 15:55;2026-09-25 03:07
124245660;16749;2026-10-12 15:55;2026-09-25 03:07
124245660;16749;2026-10-12 16:25;2026-09-25 03:07
124245660;16749;2026-10-13 15:55;2026-09-25 03:07
124245660;16749;2026-10-13 16:10;2026-09-25 03:07
124245660;16749;2026-10-13 16:25;2026-09-25 03:07
124245660;16749;2026-10-13 16:35;2026-09-25 03:07
124245660;16749;2026-10-14 15:40;2026-09-25 03:07
124245660;16749;2026-10-14 15:55;2026-09-25 03:07
124245660;16749;2026-10-14 16:10;2026-09-25 03:07
124245660;16749;2026-10-14 16:25;2026-09-25 03:07
124245660;16749;2026-10-14 16:35;2026-09-25 03:07
124245660;16749;2026-10-15 15:55;2026-09-25 03:07
124245660;16749;2026-10-15 16:10;2026-09-25 03:07
124245660;16749;2026-10-15 16:35;2026-09-25 03:07
124245660;16749;2026-10-16 07:45;2026-09-25 03:07
124245660;16741;2026-09-28 16:38;2026-09-25 03:07
124245660;16741;2026-09-29 11:43;2026-09-25 03:07
124245660;16741;2026-09-30 17:32;2026-09-25 03:07
124245660;16741;2026-10-01 08:03;2026-09-25 03:07
124245660;16741;2026-10-01 08:19;2026-09-25 03:07
124245660;16741;2026-10-01 11:27;2026-09-25 03:07
124245660;16741;2026-10-01 11:43;2026-09-25 03:07
124245660;16741;2026-10-01 11:59;2026-09-25 03:07
124245660;16741;2026-10-01 12:31;2026-09-25 03:07
124245660;16741;2026-10-02 18:13;2026-09-25 03:07
124245660;16741;2026-10-05 08:03;2026-09-25 03:07
124245660;16741;2026-10-05 08:19;2026-09-25 03:07
124245660;16741;2026-10-05 08:35;2026-09-25 03:07
124245660;16741;2026-10-05 08:51;2026-09-25 03:07
124245660;16741;2026-10-05 11:27;2026-09-25 03:07
124245660;16741;2026-10-05 11:43;2026-09-25 03:07
124245660;16741;2026-10-05 11:59;2026-09-25 03:07
124245660;16741;2026-10-05 12:15;2026-09-25 03:07
124245660;16741;2026-10-05 12:31;2026-09-25 03:07
124245660;16741;2026-10-05 12:47;2026-09-25 03:07
124245660;16741;2026-10-05 13:03;2026-09-25 03:07
124245660;16741;2026-10-06 14:17;2026-09-25 03:07
124245660;16741;2026-10-06 14:33;2026-09-25 03:07
124245660;16741;2026-10-06 18:13;2026-09-25 03:07
124245660;16741;2026-10-07 07:30;2026-09-25 03:07
124245660;16741;2026-10-07 07:46;2026-09-25 03:07
124245660;16741;2026-10-07 08:02;2026-09-25 03:07
124245660;16741;2026-10-07 08:18;2026-09-25 03:07
124245660;16741;2026-10-07 08:34;2026-09-25 03:07
124245660;16741;2026-10-08 14:17;2026-09-25 03:07
124245660;16741;2026-10-08 14:33;2026-09-25 03:07
124245660;16741;2026-10-08 18:13;2026-09-25 03:07
124245660;16741;2026-10-09 07:47;2026-09-25 03:07
124245660;16741;2026-10-09 08:03;2026-09-25 03:07
124245660;16741;2026-10-09 08:19;2026-09-25 03:07
124245660;16741;2026-10-09 08:35;2026-09-25 03:07
124245660;16741;2026-10-09 08:51;2026-09-25 03:07
124245660;16741;2026-10-09 09:07;2026-09-25 03:07
124245660;16741;2026-10-09 09:23;2026-09-25 03:07
124245660;16741;2026-10-09 11:27;2026-09-25 03:07
124245660;16741;2026-10-09 11:59;2026-09-25 03:07
124245660;16741;2026-10-09 12:15;2026-09-25 03:07
124245660;16741;2026-10-09 12:31;2026-09-25 03:07
124245660;16741;2026-10-09 12:47;2026-09-25 03:07
124245660;16741;2026-10-09 13:03;2026-09-25 03:07
124245660;16741;2026-10-12 14:17;2026-09-25 03:07
124245660;16741;2026-10-12 14:33;2026-09-25 03:07
124245660;16741;2026-10-12 14:49;2026-09-25 03:07
124245660;16741;2026-10-12 16:05;2026-09-25 03:07
124245660;16741;2026-10-12 16:21;2026-09-25 03:07
124245660;16741;2026-10-12 16:37;2026-09-25 03:07
124245660;16741;2026-10-12 16:53;2026-09-25 03:07
124245660;16741;2026-10-12 17:09;2026-09-25 03:07
124245660;16741;2026-10-12 18:13;2026-09-25 03:07
124245660;16741;2026-10-12 19:01;2026-09-25 03:07
124245660;16741;2026-10-12 19:17;2026-09-25 03:07
124245660;16741;2026-10-13 07:47;2026-09-25 03:07
124245660;16741;2026-10-13 08:03;2026-09-25 03:07
124245660;16741;2026-10-13 08:19;2026-09-25 03:07
124245660;16741;2026-10-13 08:35;2026-09-25 03:07
124245660;16741;2026-10-13 08:51;2026-09-25 03:07
124245660;16741;2026-10-13 09:07;2026-09-25 03:07
124245660;16741;2026-10-13 09:23;2026-09-25 03:07
124245660;16741;2026-10-13 11:27;2026-09-25 03:07
124245660;16741;2026-10-13 11:59;2026-09-25 03:07
124245660;16741;2026-10-13 12:15;2026-09-25 03:07
124245660;16741;2026-10-13 12:31;2026-09-25 03:07
124245660;16741;2026-10-13 12:47;2026-09-25 03:07
124245660;16741;2026-10-13 13:03;2026-09-25 03:07
124245660;16741;2026-10-14 17:35;2026-09-25 03:07
124245660;16741;2026-10-14 18:36;2026-09-25 03:07
124245660;16741;2026-10-14 18:52;2026-09-25 03:07
124245660;16741;2026-10-14 19:08;2026-09-25 03:07
124245660;16741;2026-10-14 19:24;2026-09-25 03:07
124245660;16741;2026-10-15 07:47;2026-09-25 03:07
124245660;16741;2026-10-15 08:03;2026-09-25 03:07
124245660;16741;2026-10-15 08:19;2026-09-25 03:07
124245660;16741;2026-10-15 08:35;2026-09-25 03:07
124245660;16741;2026-10-15 08:51;2026-09-25 03:07
124245660;16741;2026-10-15 09:07;2026-09-25 03:07
124245660;16741;2026-10-15 09:23;2026-09-25 03:07
124245660;16741;2026-10-15 11:27;2026-09-25 03:07
124245660;16741;2026-10-15 11:59;2026-09-25 03:07
124245660;16741;2026-10-15 12:15;2026-09-25 03:07
124245660;16741;2026-10-15 12:31;2026-09-25 03:07
124245660;16741;2026-10-15 12:47;2026-09-25 03:07
124245660;16741;2026-10-15 13:03;2026-09-25 03:07
124245660;16741;2026-10-16 16:21;2026-09-25 03:07
124245660;16741;2026-10-16 16:37;2026-09-25 03:07
124245660;16741;2026-10-16 17:09;2026-09-25 03:07
124245660;16741;2026-10-16 18:13;2026-09-25 03:07
124245660;16741;2026-10-16 18:29;2026-09-25 03:07
124245660;16741;2026-10-16 18:45;2026-09-25 03:07
124245660;16741;2026-10-16 19:01;2026-09-25 03:07
124245660;16741;2026-10-16 19:17;2026-09-25 03:07
124245660;16741;2026-10-19 07:47;2026-09-25 03:07
124245660;16741;2026-10-19 08:03;2026-09-25 03:07
124245660;16741;2026-10-19 08:19;2026-09-25 03:07
124245660;16741;2026-10-19 08:35;2026-09-25 03:07
124245660;16741;2026-10-19 08:51;2026-09-25 03:07
124245660;16741;2026-10-19 09:07;2026-09-25 03:07
124245660;16741;2026-10-19 09:23;2026-09-25 03:07
124245660;16741;2026-10-19 11:27;2026-09-25 03:07
124245660;16741;2026-10-19 11:43;2026-09-25 03:07
124245660;16741;2026-10-19 11:59;2026-09-25 03:07
124245660;16741;2026-10-19 12:15;2026-09-25 03:07
124245660;16741;2026-10-19 12:31;2026-09-25 03:07
124245660;16741;2026-10-19 12:47;2026-09-25 03:07
124245660;16741;2026-10-19 13:03;2026-09-25 03:07
124245660;16741;2026-10-20 14:17;2026-09-25 03:07
124245660;16741;2026-10-20 14:33;2026-09-25 03:07
124245660;16741;2026-10-20 14:49;2026-09-25 03:07
124245660;16741;2026-10-20 16:05;2026-09-25 03:07
124245660;16741;2026-10-20 16:21;2026-09-25 03:07
124245660;16741;2026-10-20 16:37;2026-09-25 03:07
124245660;16741;2026-10-20 16:53;2026-09-25 03:07
124245660;16741;2026-10-20 17:09;2026-09-25 03:07
124245660;16741;2026-10-20 18:13;2026-09-25 03:07
124245660;16741;2026-10-20 18:29;2026-09-25 03:07
124245660;16741;2026-10-20 18:45;2026-09-25 03:07
124245660;16741;2026-10-20 19:01;2026-09-25 03:07
124245660;16741;2026-10-20 19:17;2026-09-25 03:07
124245660;16741;2026-10-21 07:30;2026-09-25 03:07
124245660;16741;2026-10-21 07:46;2026-09-25 03:07
124245660;16741;2026-10-21 08:02;2026-09-25 03:07
124245660;16741;2026-10-21 08:18;2026-09-25 03:07
124245660;16741;2026-10-21 08:34;2026-09-25 03:07
124245660;16741;2026-10-21 12:10;2026-09-25 03:07
124245660;16741;2026-10-21 12:50;2026-09-25 03:07
124245660;16741;2026-10-21 13:10;2026-09-25 03:07
124245660;16741;2026-10-22 14:17;2026-09-25 03:07
124245660;16741;2026-10-22 14:49;2026-09-25 03:07
124245660;16741;2026-10-22 16:21;2026-09-25 03:07
124245660;16741;2026-10-22 16:37;2026-09-25 03:07
124245660;16741;2026-10-22 16:53;2026-09-25 03:07
124245660;16741;2026-10-22 18:13;2026-09-25 03:07
124245660;16741;2026-10-22 18:29;2026-09-25 03:07
124245660;16741;2026-10-22 18:45;2026-09-25 03:07
124245660;16741;2026-10-22 19:01;2026-09-25 03:07
124245660;16741;2026-10-22 19:17;2026-09-25 03:07
124245660;16741;2026-10-23 07:47;2026-09-25 03:07
124245660;16741;2026-10-23 08:03;2026-09-25 03:07
124245660;16741;2026-10-23 08:19;2026-09-25 03:07
124245660;16741;2026-10-23 08:35;2026-09-25 03:07
124245660;16741;2026-10-23 08:51;2026-09-25 03:07
124245660;16741;2026-10-23 09:07;2026-09-25 03:07
124245660;16741;2026-10-23 09:23;2026-09-25 03:07
124245660;16741;2026-10-23 11:27;2026-09-25 03:07
124245660;16741;2026-10-23 11:43;2026-09-25 03:07
124245660;16741;2026-10-23 11:59;2026-09-25 03:07
124245660;16741;2026-10-23 12:15;2026-09-25 03:07
124245660;16741;2026-10-23 12:31;2026-09-25 03:07
124245660;16741;2026-10-23 12:47;2026-09-25 03:07
124245660;16741;2026-10-23 13:03;2026-09-25 03:07
124245660;16315;2026-09-30 09:06;2026-09-25 03:07
124245660;16315;2026-10-02 11:57;2026-09-25 03:07
124245660;16315;2026-10-05 18:14;2026-09-25 03:07
124245660;16315;2026-10-06 09:23;2026-09-25 03:07
124245660;16315;2026-10-06 09:39;2026-09-25 03:07
124245660;16315;2026-10-06 11:57;2026-09-25 03:07
124245660;16315;2026-10-06 12:13;2026-09-25 03:07
124245660;16315;2026-10-06 12:29;2026-09-25 03:07
124245660;16315;2026-10-06 12:45;2026-09-25 03:07
124245660;16315;2026-10-06 13:01;2026-09-25 03:07
124245660;16315;2026-10-07 17:35;2026-09-25 03:07
124245660;16315;2026-10-08 08:19;2026-09-25 03:07
124245660;16315;2026-10-08 08:35;2026-09-25 03:07
124245660;16315;2026-10-08 09:07;2026-09-25 03:07
124245660;16315;2026-10-08 09:23;2026-09-25 03:07
124245660;16315;2026-10-08 09:39;2026-09-25 03:07
124245660;16315;2026-10-08 11:57;2026-09-25 03:07
124245660;16315;2026-10-08 12:13;2026-09-25 03:07
124245660;16315;2026-10-08 12:29;2026-09-25 03:07
124245660;16315;2026-10-09 14:34;2026-09-25 03:07
124245660;16315;2026-10-09 14:50;2026-09-25 03:07
124245660;16315;2026-10-09 17:39;2026-09-25 03:07
124245660;16315;2026-10-12 07:47;2026-09-25 03:07
124245660;16315;2026-10-12 08:03;2026-09-25 03:07
124245660;16315;2026-10-12 08:19;2026-09-25 03:07
124245660;16315;2026-10-12 08:35;2026-09-25 03:07
124245660;16315;2026-10-12 08:51;2026-09-25 03:07
124245660;16315;2026-10-12 09:07;2026-09-25 03:07
124245660;16315;2026-10-12 09:23;2026-09-25 03:07
124245660;16315;2026-10-12 09:39;2026-09-25 03:07
124245660;16315;2026-10-12 09:55;2026-09-25 03:07
124245660;16315;2026-10-12 12:29;2026-09-25 03:07
124245660;16315;2026-10-12 12:45;2026-09-25 03:07
124245660;16315;2026-10-13 14:18;2026-09-25 03:07
124245660;16315;2026-10-13 14:34;2026-09-25 03:07
124245660;16315;2026-10-13 14:50;2026-09-25 03:07
124245660;16315;2026-10-13 15:22;2026-09-25 03:07
124245660;16315;2026-10-13 17:39;2026-09-25 03:07
124245660;16315;2026-10-13 18:27;2026-09-25 03:07
124245660;16315;2026-10-13 18:43;2026-09-25 03:07
124245660;16315;2026-10-13 18:59;2026-09-25 03:07
124245660;16315;2026-10-13 19:15;2026-09-25 03:07
124245660;16315;2026-10-14 07:30;2026-09-25 03:07
124245660;16315;2026-10-14 07:46;2026-09-25 03:07
124245660;16315;2026-10-14 08:02;2026-09-25 03:07
124245660;16315;2026-10-14 08:18;2026-09-25 03:07
124245660;16315;2026-10-14 08:34;2026-09-25 03:07
124245660;16315;2026-10-14 11:30;2026-09-25 03:07
124245660;16315;2026-10-14 11:50;2026-09-25 03:07
124245660;16315;2026-10-14 12:10;2026-09-25 03:07
124245660;16315;2026-10-15 15:22;2026-09-25 03:07
124245660;16315;2026-10-15 15:38;2026-09-25 03:07
124245660;16315;2026-10-15 17:39;2026-09-25 03:07
124245660;16315;2026-10-15 17:55;2026-09-25 03:07
124245660;16315;2026-10-15 18:11;2026-09-25 03:07
124245660;16315;2026-10-15 18:27;2026-09-25 03:07
124245660;16315;2026-10-15 18:43;2026-09-25 03:07
124245660;16315;2026-10-15 18:59;2026-09-25 03:07
124245660;16315;2026-10-15 19:15;2026-09-25 03:07
124245660;16315;2026-10-19 14:18;2026-09-25 03:07
124245660;16315;2026-10-19 14:34;2026-09-25 03:07
124245660;16315;2026-10-19 14:50;2026-09-25 03:07
124245660;16315;2026-10-19 15:06;2026-09-25 03:07
124245660;16315;2026-10-19 15:22;2026-09-25 03:07
124245660;16315;2026-10-19 15:38;2026-09-25 03:07
124245660;16315;2026-10-19 18:14;2026-09-25 03:07
124245660;16315;2026-10-19 18:46;2026-09-25 03:07
124245660;16315;2026-10-19 19:02;2026-09-25 03:07
124245660;16315;2026-10-19 19:18;2026-09-25 03:07
124245660;16315;2026-10-20 07:47;2026-09-25 03:07
124245660;16315;2026-10-20 08:03;2026-09-25 03:07
124245660;16315;2026-10-20 08:19;2026-09-25 03:07
124245660;16315;2026-10-20 08:35;2026-09-25 03:07
124245660;16315;2026-10-20 08:51;2026-09-25 03:07
124245660;16315;2026-10-20 09:07;2026-09-25 03:07
124245660;16315;2026-10-20 09:23;2026-09-25 03:07
124245660;16315;2026-10-20 09:39;2026-09-25 03:07
124245660;16315;2026-10-20 09:55;2026-09-25 03:07
124245660;16315;2026-10-20 11:57;2026-09-25 03:07
124245660;16315;2026-10-20 12:13;2026-09-25 03:07
124245660;16315;2026-10-20 12:29;2026-09-25 03:07
124245660;16315;2026-10-20 12:45;2026-09-25 03:07
124245660;16315;2026-10-20 13:01;2026-09-25 03:07
124245660;16315;2026-10-21 14:40;2026-09-25 03:07
124245660;16315;2026-10-21 15:00;2026-09-25 03:07
124245660;16315;2026-10-21 15:20;2026-09-25 03:07
124245660;16315;2026-10-21 15:40;2026-09-25 03:07
124245660;16315;2026-10-21 16:30;2026-09-25 03:07
124245660;16315;2026-10-21 17:35;2026-09-25 03:07
124245660;16315;2026-10-21 18:36;2026-09-25 03:07
124245660;16315;2026-10-21 18:52;2026-09-25 03:07
124245660;16315;2026-10-21 19:08;2026-09-25 03:07
124245660;16315;2026-10-21 19:24;2026-09-25 03:07
124245660;16315;2026-10-22 07:47;2026-09-25 03:07
124245660;16315;2026-10-22 08:03;2026-09-25 03:07
124245660;16315;2026-10-22 08:19;2026-09-25 03:07
124245660;16315;2026-10-22 08:35;2026-09-25 03:07
124245660;16315;2026-10-22 08:51;2026-09-25 03:07
124245660;16315;2026-10-22 09:07;2026-09-25 03:07
124245660;16315;2026-10-22 09:23;2026-09-25 03:07
124245660;16315;2026-10-22 09:39;2026-09-25 03:07
124245660;16315;2026-10-22 09:55;2026-09-25 03:07
124245660;16315;2026-10-22 11:57;2026-09-25 03:07
124245660;16315;2026-10-22 12:29;2026-09-25 03:07
124245660;16315;2026-10-23 14:18;2026-09-25 03:07
124245660;16315;2026-10-23 14:34;2026-09-25 03:07
124245660;16315;2026-10-23 14:50;2026-09-25 03:07
124245660;16315;2026-10-23 15:06;2026-09-25 03:07
124245660;16315;2026-10-23 15:22;2026-09-25 03:07
124245660;16315;2026-10-23 15:38;2026-09-25 03:07
124245660;16315;2026-10-23 17:39;2026-09-25 03:07
124245660;16315;2026-10-23 17:55;2026-09-25 03:07
124245660;16315;2026-10-23 18:11;2026-09-25 03:07
124245660;16315;2026-10-23 18:27;2026-09-25 03:07
124245660;16315;2026-10-23 18:43;2026-09-25 03:07
124245660;16315;2026-10-23 18:59;2026-09-25 03:07
124245660;16315;2026-10-23 19:15;2026-09-25 03:07
124245660;15433;2026-09-30 14:50;2026-09-25 03:07
124245660;15433;2026-10-01 09:45;2026-09-25 03:07
124245660;15433;2026-10-02 16:35;2026-09-25 03:07
124245660;15433;2026-10-12 14:50;2026-09-25 03:07
124245660;15433;2026-10-12 17:10;2026-09-25 03:07
124245660;15433;2026-10-12 18:20;2026-09-25 03:07
124245660;15433;2026-10-12 18:45;2026-09-25 03:07
124245660;15433;2026-10-12 19:15;2026-09-25 03:07
124245660;15433;2026-10-12 19:30;2026-09-25 03:07
124245660;15433;2026-10-13 07:15;2026-09-25 03:07
124245660;15433;2026-10-13 07:30;2026-09-25 03:07
124245660;15433;2026-10-13 07:45;2026-09-25 03:07
124245660;15433;2026-10-13 08:25;2026-09-25 03:07
124245660;15433;2026-10-13 09:05;2026-09-25 03:07
124245660;15433;2026-10-13 10:30;2026-09-25 03:07
124245660;15433;2026-10-13 11:55;2026-09-25 03:07
124245660;15433;2026-10-13 12:10;2026-09-25 03:07
124245660;15433;2026-10-13 12:25;2026-09-25 03:07
124245660;15433;2026-10-14 14:25;2026-09-25 03:07
124245660;15433;2026-10-14 14:50;2026-09-25 03:07
124245660;15433;2026-10-14 15:15;2026-09-25 03:07
124245660;15433;2026-10-14 16:00;2026-09-25 03:07
124245660;15433;2026-10-14 16:15;2026-09-25 03:07
124245660;15433;2026-10-14 16:55;2026-09-25 03:07
124245660;15433;2026-10-14 17:25;2026-09-25 03:07
124245660;15433;2026-10-14 17:40;2026-09-25 03:07
124245660;15433;2026-10-14 18:05;2026-09-25 03:07
124245660;15433;2026-10-14 18:20;2026-09-25 03:07
124245660;15433;2026-10-14 18:45;2026-09-25 03:07
124245660;15433;2026-10-14 19:00;2026-09-25 03:07
124245660;15433;2026-10-14 19:15;2026-09-25 03:07
124245660;15433;2026-10-14 19:30;2026-09-25 03:07
124245660;15433;2026-10-15 07:15;2026-09-25 03:07
124245660;15433;2026-10-15 07:40;2026-09-25 03:07
124245660;15433;2026-10-15 07:55;2026-09-25 03:07
124245660;15433;2026-10-15 08:20;2026-09-25 03:07
124245660;15433;2026-10-15 09:15;2026-09-25 03:07
124245660;15433;2026-10-15 09:30;2026-09-25 03:07
124245660;15433;2026-10-15 09:45;2026-09-25 03:07
124245660;15433;2026-10-15 10:45;2026-09-25 03:07
124245660;15433;2026-10-15 11:00;2026-09-25 03:07
124245660;15433;2026-10-15 11:15;2026-09-25 03:07
124245660;15433;2026-10-15 11:40;2026-09-25 03:07
124245660;15433;2026-10-15 11:55;2026-09-25 03:07
124245660;15433;2026-10-15 12:35;2026-09-25 03:07
124245660;15433;2026-10-15 12:50;2026-09-25 03:07
124245660;15433;2026-10-15 13:05;2026-09-25 03:07
124245660;15433;2026-10-16 13:40;2026-09-25 03:07
124245660;15433;2026-10-16 14:20;2026-09-25 03:07
124245660;15433;2026-10-16 14:45;2026-09-25 03:07
124245660;15433;2026-10-16 15:15;2026-09-25 03:07
124245660;15433;2026-10-16 16:35;2026-09-25 03:07
124245660;15433;2026-10-16 16:50;2026-09-25 03:07
124245660;15433;2026-10-16 17:15;2026-09-25 03:07
124245660;15433;2026-10-16 17:30;2026-09-25 03:07
124245660;15433;2026-10-16 17:45;2026-09-25 03:07
124245660;15433;2026-10-16 18:00;2026-09-25 03:07
124245660;15433;2026-10-16 18:15;2026-09-25 03:07
124245660;15433;2026-10-16 18:40;2026-09-25 03:07
124245660;15433;2026-10-19 07:15;2026-09-25 03:07
124245660;15433;2026-10-19 07:30;2026-09-25 03:07
124245660;15433;2026-10-19 07:45;2026-09-25 03:07
124245660;15433;2026-10-19 08:25;2026-09-25 03:07
124245660;15433;2026-10-19 09:05;2026-09-25 03:07
124245660;15433;2026-10-19 09:45;2026-09-25 03:07
124245660;15433;2026-10-19 10:30;2026-09-25 03:07
124245660;15433;2026-10-19 10:45;2026-09-25 03:07
124245660;15433;2026-10-19 11:15;2026-09-25 03:07
124245660;15433;2026-10-19 11:55;2026-09-25 03:07
124245660;15433;2026-10-19 12:10;2026-09-25 03:07
124245660;15433;2026-10-19 12:25;2026-09-25 03:07
124245660;15433;2026-10-19 12:40;2026-09-25 03:07
124245660;15433;2026-10-20 14:25;2026-09-25 03:07
124245660;15433;2026-10-20 14:50;2026-09-25 03:07
124245660;15433;2026-10-20 15:05;2026-09-25 03:07
124245660;15433;2026-10-20 16:00;2026-09-25 03:07
124245660;15433;2026-10-20 16:30;2026-09-25 03:07
124245660;15433;2026-10-20 16:55;2026-09-25 03:07
124245660;15433;2026-10-20 17:25;2026-09-25 03:07
124245660;15433;2026-10-20 17:40;2026-09-25 03:07
124245660;15433;2026-10-20 18:05;2026-09-25 03:07
124245660;15433;2026-10-20 18:20;2026-09-25 03:07
124245660;15433;2026-10-20 18:45;2026-09-25 03:07
124245660;15433;2026-10-20 19:00;2026-09-25 03:07
124245660;15433;2026-10-20 19:15;2026-09-25 03:07
124245660;15433;2026-10-20 19:30;2026-09-25 03:07
124245660;15433;2026-10-21 07:30;2026-09-25 03:07
124245660;15433;2026-10-21 07:45;2026-09-25 03:07
124245660;15433;2026-10-21 08:00;2026-09-25 03:07
124245660;15433;2026-10-21 08:25;2026-09-25 03:07
124245660;15433;2026-10-21 09:05;2026-09-25 03:07
124245660;15433;2026-10-21 09:20;2026-09-25 03:07
124245660;15433;2026-10-21 09:45;2026-09-25 03:07
124245660;15433;2026-10-21 10:45;2026-09-25 03:07
124245660;15433;2026-10-21 11:00;2026-09-25 03:07
124245660;15433;2026-10-21 11:15;2026-09-25 03:07
124245660;15433;2026-10-21 11:40;2026-09-25 03:07
124245660;15433;2026-10-21 11:55;2026-09-25 03:07
124245660;15433;2026-10-21 12:20;2026-09-25 03:07
124245660;15433;2026-10-21 12:35;2026-09-25 03:07
124245660;15433;2026-10-22 13:40;2026-09-25 03:07
124245660;15433;2026-10-22 14:20;2026-09-25 03:07
124245660;15433;2026-10-22 14:45;2026-09-25 03:07
124245660;15433;2026-10-22 15:00;2026-09-25 03:07
124245660;15433;2026-10-22 15:15;2026-09-25 03:07
124245660;15433;2026-10-22 16:00;2026-09-25 03:07
124245660;15433;2026-10-22 16:15;2026-09-25 03:07
124245660;15433;2026-10-22 16:55;2026-09-25 03:07
124245660;15433;2026-10-22 17:10;2026-09-25 03:07
124245660;15433;2026-10-22 17:25;2026-09-25 03:07
124245660;15433;2026-10-22 17:40;2026-09-25 03:07
124245660;15433;2026-10-22 18:05;2026-09-25 03:07
124245660;15433;2026-10-22 18:20;2026-09-25 03:07
124245660;15433;2026-10-22 18:45;2026-09-25 03:07
124245660;15433;2026-10-22 19:00;2026-09-25 03:07
124245660;15433;2026-10-22 19:15;2026-09-25 03:07
124245660;15433;2026-10-22 19:30;2026-09-25 03:07
124245660;15433;2026-10-23 07:15;2026-09-25 03:07
124245660;15433;2026-10-23 07:30;2026-09-25 03:07
124245660;15433;2026-10-23 07:45;2026-09-25 03:07
124245660;15433;2026-10-23 08:00;2026-09-25 03:07
124245660;15433;2026-10-23 08:25;2026-09-25 03:07
124245660;15433;2026-10-23 08:55;2026-09-25 03:07
124245660;15433;2026-10-23 09:35;2026-09-25 03:07
124245660;15433;2026-10-23 10:30;2026-09-25 03:07
124245660;15433;2026-10-23 11:35;2026-09-25 03:07
124245660;15433;2026-10-23 11:50;2026-09-25 03:07
124245660;15433;2026-10-23 12:15;2026-09-25 03:07
124245660;15433;2026-10-23 12:40;2026-09-25 03:07
124245660;15433;2026-10-23 12:55;2026-09-25 03:07
124245660;15201;2026-09-29 14:50;2026-09-25 03:07
124245660;15201;2026-09-30 09:45;2026-09-25 03:07
124245660;15201;2026-10-01 14:45;2026-09-25 03:07
124245660;15201;2026-10-02 10:30;2026-09-25 03:07
124245660;15201;2026-10-05 14:50;2026-09-25 03:07
124245660;15201;2026-10-06 10:30;2026-09-25 03:07
124245660;15201;2026-10-07 14:50;2026-09-25 03:07
124245660;15201;2026-10-07 16:15;2026-09-25 03:07
124245660;15201;2026-10-07 16:55;2026-09-25 03:07
124245660;15201;2026-10-07 17:10;2026-09-25 03:07
124245660;15201;2026-10-07 17:25;2026-09-25 03:07
124245660;15201;2026-10-07 18:05;2026-09-25 03:07
124245660;15201;2026-10-07 18:20;2026-09-25 03:07
124245660;15201;2026-10-07 18:45;2026-09-25 03:07
124245660;15201;2026-10-07 19:15;2026-09-25 03:07
124245660;15201;2026-10-08 07:40;2026-09-25 03:07
124245660;15201;2026-10-08 07:55;2026-09-25 03:07
124245660;15201;2026-10-08 09:45;2026-09-25 03:07
124245660;15201;2026-10-08 10:45;2026-09-25 03:07
124245660;15201;2026-10-08 11:40;2026-09-25 03:07
124245660;15201;2026-10-08 11:55;2026-09-25 03:07
124245660;15201;2026-10-08 12:35;2026-09-25 03:07
124245660;15201;2026-10-09 13:40;2026-09-25 03:07
124245660;15201;2026-10-09 16:35;2026-09-25 03:07
124245660;15201;2026-10-09 16:50;2026-09-25 03:07
124245660;15201;2026-10-09 17:15;2026-09-25 03:07
124245660;15201;2026-10-09 17:30;2026-09-25 03:07
124245660;15201;2026-10-09 17:45;2026-09-25 03:07
124245660;15201;2026-10-09 18:00;2026-09-25 03:07
124245660;15201;2026-10-09 18:15;2026-09-25 03:07
124245660;15201;2026-10-09 18:40;2026-09-25 03:07
124245660;15201;2026-10-09 19:05;2026-09-25 03:07
124245660;15201;2026-10-12 07:45;2026-09-25 03:07
124245660;15201;2026-10-12 09:05;2026-09-25 03:07
124245660;15201;2026-10-12 10:30;2026-09-25 03:07
124245660;15201;2026-10-12 11:15;2026-09-25 03:07
124245660;15201;2026-10-12 11:55;2026-09-25 03:07
124245660;15201;2026-10-12 12:10;2026-09-25 03:07
124245660;15201;2026-10-12 12:25;2026-09-25 03:07
124245660;15201;2026-10-12 12:40;2026-09-25 03:07
124245660;15201;2026-10-12 12:55;2026-09-25 03:07
124245660;15201;2026-10-13 14:50;2026-09-25 03:07
124245660;15201;2026-10-13 16:00;2026-09-25 03:07
124245660;15201;2026-10-13 17:00;2026-09-25 03:07
124245660;15201;2026-10-13 18:10;2026-09-25 03:07
124245660;15201;2026-10-13 18:30;2026-09-25 03:07
124245660;15201;2026-10-13 19:10;2026-09-25 03:07
124245660;15201;2026-10-14 07:45;2026-09-25 03:07
124245660;15201;2026-10-14 08:00;2026-09-25 03:07
124245660;15201;2026-10-14 08:25;2026-09-25 03:07
124245660;15201;2026-10-14 09:05;2026-09-25 03:07
124245660;15201;2026-10-14 09:45;2026-09-25 03:07
124245660;15201;2026-10-14 10:45;2026-09-25 03:07
124245660;15201;2026-10-14 11:00;2026-09-25 03:07
124245660;15201;2026-10-14 11:15;2026-09-25 03:07
124245660;15201;2026-10-14 11:40;2026-09-25 03:07
124245660;15201;2026-10-14 11:55;2026-09-25 03:07
124245660;15201;2026-10-14 12:20;2026-09-25 03:07
124245660;15201;2026-10-14 12:35;2026-09-25 03:07
124245660;15201;2026-10-15 14:20;2026-09-25 03:07
124245660;15201;2026-10-15 14:45;2026-09-25 03:07
124245660;15201;2026-10-15 15:00;2026-09-25 03:07
124245660;15201;2026-10-15 15:15;2026-09-25 03:07
124245660;15201;2026-10-15 16:00;2026-09-25 03:07
124245660;15201;2026-10-15 16:15;2026-09-25 03:07
124245660;15201;2026-10-15 16:55;2026-09-25 03:07
124245660;15201;2026-10-15 17:10;2026-09-25 03:07
124245660;15201;2026-10-15 17:25;2026-09-25 03:07
124245660;15201;2026-10-15 17:40;2026-09-25 03:07
124245660;15201;2026-10-15 18:45;2026-09-25 03:07
124245660;15201;2026-10-15 19:15;2026-09-25 03:07
124245660;15201;2026-10-15 19:30;2026-09-25 03:07
124245660;15201;2026-10-16 07:15;2026-09-25 03:07
124245660;15201;2026-10-16 07:30;2026-09-25 03:07
124245660;15201;2026-10-16 07:45;2026-09-25 03:07
124245660;15201;2026-10-16 08:00;2026-09-25 03:07
124245660;15201;2026-10-16 08:25;2026-09-25 03:07
124245660;15201;2026-10-16 08:55;2026-09-25 03:07
124245660;15201;2026-10-16 09:35;2026-09-25 03:07
124245660;15201;2026-10-16 10:30;2026-09-25 03:07
124245660;15201;2026-10-16 11:35;2026-09-25 03:07
124245660;15201;2026-10-16 11:50;2026-09-25 03:07
124245660;15201;2026-10-16 12:15;2026-09-25 03:07
124245660;15201;2026-10-16 12:40;2026-09-25 03:07
124245660;15201;2026-10-16 12:55;2026-09-25 03:07
124245660;15201;2026-10-19 13:55;2026-09-25 03:07
124245660;15201;2026-10-19 14:35;2026-09-25 03:07
124245660;15201;2026-10-19 14:50;2026-09-25 03:07
124245660;15201;2026-10-19 16:00;2026-09-25 03:07
124245660;15201;2026-10-19 16:30;2026-09-25 03:07
124245660;15201;2026-10-19 17:10;2026-09-25 03:07
124245660;15201;2026-10-19 17:25;2026-09-25 03:07
124245660;15201;2026-10-19 18:05;2026-09-25 03:07
124245660;15201;2026-10-19 18:20;2026-09-25 03:07
124245660;15201;2026-10-19 18:45;2026-09-25 03:07
124245660;15201;2026-10-19 19:00;2026-09-25 03:07
124245660;15201;2026-10-19 19:15;2026-09-25 03:07
124245660;15201;2026-10-20 07:30;2026-09-25 03:07
124245660;15201;2026-10-20 07:45;2026-09-25 03:07
124245660;15201;2026-10-20 08:00;2026-09-25 03:07
124245660;15201;2026-10-20 08:25;2026-09-25 03:07
124245660;15201;2026-10-20 09:35;2026-09-25 03:07
124245660;15201;2026-10-20 10:30;2026-09-25 03:07
124245660;15201;2026-10-20 10:45;2026-09-25 03:07
124245660;15201;2026-10-20 11:15;2026-09-25 03:07
124245660;15201;2026-10-20 11:40;2026-09-25 03:07
124245660;15201;2026-10-20 11:55;2026-09-25 03:07
124245660;15201;2026-10-20 12:10;2026-09-25 03:07
124245660;15201;2026-10-20 12:50;2026-09-25 03:07
124245660;15201;2026-10-21 14:25;2026-09-25 03:07
124245660;15201;2026-10-21 14:50;2026-09-25 03:07
124245660;15201;2026-10-21 15:15;2026-09-25 03:07
124245660;15201;2026-10-21 16:00;2026-09-25 03:07
124245660;15201;2026-10-21 16:15;2026-09-25 03:07
124245660;15201;2026-10-21 16:55;2026-09-25 03:07
124245660;15201;2026-10-21 17:10;2026-09-25 03:07
124245660;15201;2026-10-21 17:25;2026-09-25 03:07
124245660;15201;2026-10-21 17:40;2026-09-25 03:07
124245660;15201;2026-10-21 18:05;2026-09-25 03:07
124245660;15201;2026-10-21 18:20;2026-09-25 03:07
124245660;15201;2026-10-21 18:45;2026-09-25 03:07
124245660;15201;2026-10-21 19:00;2026-09-25 03:07
124245660;15201;2026-10-21 19:15;2026-09-25 03:07
124245660;15201;2026-10-21 19:30;2026-09-25 03:07
124245660;15201;2026-10-22 07:15;2026-09-25 03:07
124245660;15201;2026-10-22 07:55;2026-09-25 03:07
124245660;15201;2026-10-22 08:20;2026-09-25 03:07
124245660;15201;2026-10-22 09:00;2026-09-25 03:07
124245660;15201;2026-10-22 09:15;2026-09-25 03:07
124245660;15201;2026-10-22 09:45;2026-09-25 03:07
124245660;15201;2026-10-22 10:45;2026-09-25 03:07
124245660;15201;2026-10-22 11:00;2026-09-25 03:07
124245660;15201;2026-10-22 11:15;2026-09-25 03:07
124245660;15201;2026-10-22 11:40;2026-09-25 03:07
124245660;15201;2026-10-22 11:55;2026-09-25 03:07
124245660;15201;2026-10-22 12:20;2026-09-25 03:07
124245660;15201;2026-10-22 12:35;2026-09-25 03:07
124245660;15201;2026-10-22 12:50;2026-09-25 03:07
124245660;15201;2026-10-22 13:05;2026-09-25 03:07
124245660;15201;2026-10-23 13:40;2026-09-25 03:07
124245660;15201;2026-10-23 14:20;2026-09-25 03:07
124245660;15201;2026-10-23 14:45;2026-09-25 03:07
124245660;15201;2026-10-23 15:15;2026-09-25 03:07
124245660;15201;2026-10-23 16:35;2026-09-25 03:07
124245660;15201;2026-10-23 16:50;2026-09-25 03:07
124245660;15201;2026-10-23 17:15;2026-09-25 03:07
124245660;15201;2026-10-23 17:30;2026-09-25 03:07
124245660;15201;2026-10-23 17:45;2026-09-25 03:07
124245660;15201;2026-10-23 18:00;2026-09-25 03:07
124245660;15201;2026-10-23 18:15;2026-09-25 03:07
124245660;15201;2026-10-23 18:40;2026-09-25 03:07
124245660;15201;2026-10-23 19:05;2026-09-25 03:07
124245660;15201;2026-10-23 19:20;2026-09-25 03:07
124245660;14780;2026-09-25 17:10;2026-09-25 03:07
124245660;14780;2026-09-28 10:30;2026-09-25 03:07
124245660;14780;2026-09-29 15:20;2026-09-25 03:07
124245660;14780;2026-09-30 09:45;2026-09-25 03:07
124245660;14780;2026-10-01 15:20;2026-09-25 03:07
124245660;14780;2026-10-02 10:30;2026-09-25 03:07
124245660;14780;2026-10-05 15:20;2026-09-25 03:07
124245660;14780;2026-10-06 08:00;2026-09-25 03:07
124245660;14780;2026-10-06 09:05;2026-09-25 03:07
124245660;14780;2026-10-06 10:30;2026-09-25 03:07
124245660;14780;2026-10-06 10:45;2026-09-25 03:07
124245660;14780;2026-10-06 11:55;2026-09-25 03:07
124245660;14780;2026-10-07 15:20;2026-09-25 03:07
124245660;14780;2026-10-07 15:35;2026-09-25 03:07
124245660;14780;2026-10-07 16:30;2026-09-25 03:07
124245660;14780;2026-10-07 17:25;2026-09-25 03:07
124245660;14780;2026-10-07 19:15;2026-09-25 03:07
124245660;14780;2026-10-07 19:30;2026-09-25 03:07
124245660;14780;2026-10-07 19:45;2026-09-25 03:07
124245660;14780;2026-10-08 07:15;2026-09-25 03:07
124245660;14780;2026-10-08 07:40;2026-09-25 03:07
124245660;14780;2026-10-08 08:20;2026-09-25 03:07
124245660;14780;2026-10-08 09:15;2026-09-25 03:07
124245660;14780;2026-10-08 09:30;2026-09-25 03:07
124245660;14780;2026-10-08 09:45;2026-09-25 03:07
124245660;14780;2026-10-08 11:00;2026-09-25 03:07
124245660;14780;2026-10-08 11:15;2026-09-25 03:07
124245660;14780;2026-10-08 11:40;2026-09-25 03:07
124245660;14780;2026-10-08 11:55;2026-09-25 03:07
124245660;14780;2026-10-09 15:50;2026-09-25 03:07
124245660;14780;2026-10-09 17:10;2026-09-25 03:07
124245660;14780;2026-10-09 17:25;2026-09-25 03:07
124245660;14780;2026-10-09 18:05;2026-09-25 03:07
124245660;14780;2026-10-09 18:20;2026-09-25 03:07
124245660;14780;2026-10-09 18:35;2026-09-25 03:07
124245660;14780;2026-10-09 18:50;2026-09-25 03:07
124245660;14780;2026-10-09 19:15;2026-09-25 03:07
124245660;14780;2026-10-09 19:30;2026-09-25 03:07
124245660;14780;2026-10-12 07:15;2026-09-25 03:07
124245660;14780;2026-10-12 07:45;2026-09-25 03:07
124245660;14780;2026-10-12 08:25;2026-09-25 03:07
124245660;14780;2026-10-12 09:45;2026-09-25 03:07
124245660;14780;2026-10-12 10:30;2026-09-25 03:07
124245660;14780;2026-10-12 10:45;2026-09-25 03:07
124245660;14780;2026-10-12 11:15;2026-09-25 03:07
124245660;14780;2026-10-13 14:55;2026-09-25 03:07
124245660;14780;2026-10-13 15:20;2026-09-25 03:07
124245660;14780;2026-10-13 15:35;2026-09-25 03:07
124245660;14780;2026-10-13 16:30;2026-09-25 03:07
124245660;14780;2026-10-13 17:00;2026-09-25 03:07
124245660;14780;2026-10-13 17:25;2026-09-25 03:07
124245660;14780;2026-10-13 17:55;2026-09-25 03:07
124245660;14780;2026-10-13 18:10;2026-09-25 03:07
124245660;14780;2026-10-13 18:35;2026-09-25 03:07
124245660;14780;2026-10-13 19:15;2026-09-25 03:07
124245660;14780;2026-10-13 19:30;2026-09-25 03:07
124245660;14780;2026-10-13 19:45;2026-09-25 03:07
124245660;14780;2026-10-14 07:15;2026-09-25 03:07
124245660;14780;2026-10-14 07:30;2026-09-25 03:07
124245660;14780;2026-10-14 07:45;2026-09-25 03:07
124245660;14780;2026-10-14 08:00;2026-09-25 03:07
124245660;14780;2026-10-14 08:25;2026-09-25 03:07
124245660;14780;2026-10-14 09:05;2026-09-25 03:07
124245660;14780;2026-10-14 09:20;2026-09-25 03:07
124245660;14780;2026-10-14 09:45;2026-09-25 03:07
124245660;14780;2026-10-14 11:00;2026-09-25 03:07
124245660;14780;2026-10-14 11:15;2026-09-25 03:07
124245660;14780;2026-10-14 11:40;2026-09-25 03:07
124245660;14780;2026-10-14 11:55;2026-09-25 03:07
124245660;14780;2026-10-15 14:55;2026-09-25 03:07
124245660;14780;2026-10-15 15:20;2026-09-25 03:07
124245660;14780;2026-10-15 15:35;2026-09-25 03:07
124245660;14780;2026-10-15 16:30;2026-09-25 03:07
124245660;14780;2026-10-15 16:45;2026-09-25 03:07
124245660;14780;2026-10-15 17:25;2026-09-25 03:07
124245660;14780;2026-10-15 17:40;2026-09-25 03:07
124245660;14780;2026-10-15 17:55;2026-09-25 03:07
124245660;14780;2026-10-15 18:10;2026-09-25 03:07
124245660;14780;2026-10-15 18:50;2026-09-25 03:07
124245660;14780;2026-10-15 19:15;2026-09-25 03:07
124245660;14780;2026-10-15 19:30;2026-09-25 03:07
124245660;14780;2026-10-15 19:45;2026-09-25 03:07
124245660;14780;2026-10-16 07:15;2026-09-25 03:07
124245660;14780;2026-10-16 07:30;2026-09-25 03:07
124245660;14780;2026-10-16 07:45;2026-09-25 03:07
124245660;14780;2026-10-16 08:00;2026-09-25 03:07
124245660;14780;2026-10-16 08:25;2026-09-25 03:07
124245660;14780;2026-10-16 08:55;2026-09-25 03:07
124245660;14780;2026-10-16 09:35;2026-09-25 03:07
124245660;14780;2026-10-16 10:30;2026-09-25 03:07
124245660;14780;2026-10-16 11:05;2026-09-25 03:07
124245660;14780;2026-10-16 11:35;2026-09-25 03:07
124245660;14780;2026-10-16 11:50;2026-09-25 03:07
124245660;14780;2026-10-16 12:05;2026-09-25 03:07
124245660;14780;2026-10-19 15:05;2026-09-25 03:07
124245660;14780;2026-10-19 15:20;2026-09-25 03:07
124245660;14780;2026-10-19 16:30;2026-09-25 03:07
124245660;14780;2026-10-19 17:00;2026-09-25 03:07
124245660;14780;2026-10-19 17:40;2026-09-25 03:07
124245660;14780;2026-10-19 17:55;2026-09-25 03:07
124245660;14780;2026-10-19 18:35;2026-09-25 03:07
124245660;14780;2026-10-19 18:50;2026-09-25 03:07
124245660;14780;2026-10-19 19:15;2026-09-25 03:07
124245660;14780;2026-10-19 19:30;2026-09-25 03:07
124245660;14780;2026-10-20 07:45;2026-09-25 03:07
124245660;14780;2026-10-20 08:00;2026-09-25 03:07
124245660;14780;2026-10-20 08:25;2026-09-25 03:07
124245660;14780;2026-10-20 09:35;2026-09-25 03:07
124245660;14780;2026-10-20 10:30;2026-09-25 03:07
124245660;14780;2026-10-20 11:15;2026-09-25 03:07
124245660;14780;2026-10-20 11:40;2026-09-25 03:07
124245660;14780;2026-10-21 15:20;2026-09-25 03:07
124245660;14780;2026-10-21 15:35;2026-09-25 03:07
124245660;14780;2026-10-21 16:30;2026-09-25 03:07
124245660;14780;2026-10-21 17:00;2026-09-25 03:07
124245660;14780;2026-10-21 17:25;2026-09-25 03:07
124245660;14780;2026-10-21 17:40;2026-09-25 03:07
124245660;14780;2026-10-21 17:55;2026-09-25 03:07
124245660;14780;2026-10-21 18:35;2026-09-25 03:07
124245660;14780;2026-10-21 18:50;2026-09-25 03:07
124245660;14780;2026-10-21 19:15;2026-09-25 03:07
124245660;14780;2026-10-21 19:30;2026-09-25 03:07
124245660;14780;2026-10-21 19:45;2026-09-25 03:07
124245660;14780;2026-10-22 07:15;2026-09-25 03:07
124245660;14780;2026-10-22 07:40;2026-09-25 03:07
124245660;14780;2026-10-22 07:55;2026-09-25 03:07
124245660;14780;2026-10-22 08:20;2026-09-25 03:07
124245660;14780;2026-10-22 09:00;2026-09-25 03:07
124245660;14780;2026-10-22 09:15;2026-09-25 03:07
124245660;14780;2026-10-22 09:45;2026-09-25 03:07
124245660;14780;2026-10-22 10:45;2026-09-25 03:07
124245660;14780;2026-10-22 11:00;2026-09-25 03:07
124245660;14780;2026-10-22 11:15;2026-09-25 03:07
124245660;14780;2026-10-22 11:40;2026-09-25 03:07
124245660;14780;2026-10-22 11:55;2026-09-25 03:07
124245660;14780;2026-10-23 14:55;2026-09-25 03:07
124245660;14780;2026-10-23 15:20;2026-09-25 03:07
124245660;14780;2026-10-23 15:50;2026-09-25 03:07
124245660;14780;2026-10-23 17:10;2026-09-25 03:07
124245660;14780;2026-10-23 17:25;2026-09-25 03:07
124245660;14780;2026-10-23 17:50;2026-09-25 03:07
124245660;14780;2026-10-23 18:05;2026-09-25 03:07
124245660;14780;2026-10-23 18:20;2026-09-25 03:07
124245660;14780;2026-10-23 18:35;2026-09-25 03:07
124245660;14780;2026-10-23 18:50;2026-09-25 03:07
124245660;14780;2026-10-23 19:15;2026-09-25 03:07
124245660;14780;2026-10-23 19:30;2026-09-25 03:07
124245660;14677;2026-09-25 16:35;2026-09-25 03:07
124245660;14677;2026-09-28 10:30;2026-09-25 03:07
124245660;14677;2026-09-29 14:50;2026-09-25 03:07
124245660;14677;2026-09-30 09:45;2026-09-25 03:07
124245660;14677;2026-10-01 14:45;2026-09-25 03:07
124245660;14677;2026-10-02 10:30;2026-09-25 03:07
124245660;14677;2026-10-05 14:50;2026-09-25 03:07
124245660;14677;2026-10-06 10:30;2026-09-25 03:07
124245660;14677;2026-10-07 14:50;2026-09-25 03:07
124245660;14677;2026-10-08 09:45;2026-09-25 03:07
124245660;14677;2026-10-09 16:35;2026-09-25 03:07
124245660;14677;2026-10-12 10:30;2026-09-25 03:07
124245660;14677;2026-10-13 14:50;2026-09-25 03:07
124245660;14677;2026-10-14 09:45;2026-09-25 03:07
124245660;14677;2026-10-15 14:45;2026-09-25 03:07
124245660;14677;2026-10-16 10:30;2026-09-25 03:07
124245660;14677;2026-10-19 14:50;2026-09-25 03:07
124245660;14677;2026-10-20 07:45;2026-09-25 03:07
124245660;14677;2026-10-20 10:30;2026-09-25 03:07
124245660;14677;2026-10-20 11:15;2026-09-25 03:07
124245660;14677;2026-10-20 12:10;2026-09-25 03:07
124245660;14677;2026-10-20 12:25;2026-09-25 03:07
124245660;14677;2026-10-21 14:25;2026-09-25 03:07
124245660;14677;2026-10-21 14:50;2026-09-25 03:07
124245660;14677;2026-10-21 15:15;2026-09-25 03:07
124245660;14677;2026-10-21 16:15;2026-09-25 03:07
124245660;14677;2026-10-21 16:55;2026-09-25 03:07
124245660;14677;2026-10-21 17:10;2026-09-25 03:07
124245660;14677;2026-10-21 17:25;2026-09-25 03:07
124245660;14677;2026-10-21 17:40;2026-09-25 03:07
124245660;14677;2026-10-21 18:20;2026-09-25 03:07
124245660;14677;2026-10-21 18:45;2026-09-25 03:07
124245660;14677;2026-10-21 19:00;2026-09-25 03:07
124245660;14677;2026-10-21 19:15;2026-09-25 03:07
124245660;14677;2026-10-21 19:30;2026-09-25 03:07
124245660;14677;2026-10-22 07:40;2026-09-25 03:07
124245660;14677;2026-10-22 07:55;2026-09-25 03:07
124245660;14677;2026-10-22 08:20;2026-09-25 03:07
124245660;14677;2026-10-22 09:00;2026-09-25 03:07
124245660;14677;2026-10-22 09:15;2026-09-25 03:07
124245660;14677;2026-10-22 09:45;2026-09-25 03:07
124245660;14677;2026-10-22 10:45;2026-09-25 03:07
124245660;14677;2026-10-22 11:00;2026-09-25 03:07
124245660;14677;2026-10-22 11:15;2026-09-25 03:07
124245660;14677;2026-10-22 11:40;2026-09-25 03:07
124245660;14677;2026-10-22 11:55;2026-09-25 03:07
124245660;14677;2026-10-22 12:20;2026-09-25 03:07
124245660;14677;2026-10-22 12:35;2026-09-25 03:07
124245660;14677;2026-10-22 12:50;2026-09-25 03:07
124245660;14677;2026-10-23 15:15;2026-09-25 03:07
124245660;14677;2026-10-23 16:35;2026-09-25 03:07
124245660;14677;2026-10-23 16:50;2026-09-25 03:07
124245660;14677;2026-10-23 17:15;2026-09-25 03:07
124245660;14677;2026-10-23 17:30;2026-09-25 03:07
124245660;14677;2026-10-23 17:45;2026-09-25 03:07
124245660;14677;2026-10-23 18:00;2026-09-25 03:07
124245660;14677;2026-10-23 18:15;2026-09-25 03:07
124245660;14677;2026-10-23 19:20;2026-09-25 03:07
124245660;14121;2026-09-28 14:50;2026-09-25 03:07
124245660;14121;2026-09-29 10:30;2026-09-25 03:07
124245660;14121;2026-09-30 14:50;2026-09-25 03:07
124245660;14121;2026-10-01 09:45;2026-09-25 03:07
124245660;14121;2026-10-02 16:35;2026-09-25 03:07
124245660;14121;2026-10-05 10:30;2026-09-25 03:07
124245660;14121;2026-10-06 14:50;2026-09-25 03:07
124245660;14121;2026-10-07 09:45;2026-09-25 03:07
124245660;14121;2026-10-08 14:45;2026-09-25 03:07
124245660;14121;2026-10-09 10:30;2026-09-25 03:07
124245660;14121;2026-10-12 14:50;2026-09-25 03:07
124245660;14121;2026-10-12 16:00;2026-09-25 03:07
124245660;14121;2026-10-12 17:25;2026-09-25 03:07
124245660;14121;2026-10-12 18:05;2026-09-25 03:07
124245660;14121;2026-10-12 18:20;2026-09-25 03:07
124245660;14121;2026-10-12 18:45;2026-09-25 03:07
124245660;14121;2026-10-12 19:00;2026-09-25 03:07
124245660;14121;2026-10-12 19:15;2026-09-25 03:07
124245660;14121;2026-10-12 19:30;2026-09-25 03:07
124245660;14121;2026-10-13 07:15;2026-09-25 03:07
124245660;14121;2026-10-13 07:45;2026-09-25 03:07
124245660;14121;2026-10-13 08:00;2026-09-25 03:07
124245660;14121;2026-10-13 08:25;2026-09-25 03:07
124245660;14121;2026-10-13 09:05;2026-09-25 03:07
124245660;14121;2026-10-13 09:35;2026-09-25 03:07
124245660;14121;2026-10-13 10:30;2026-09-25 03:07
124245660;14121;2026-10-13 10:45;2026-09-25 03:07
124245660;14121;2026-10-13 11:40;2026-09-25 03:07
124245660;14121;2026-10-13 11:55;2026-09-25 03:07
124245660;14121;2026-10-13 12:10;2026-09-25 03:07
124245660;14121;2026-10-13 12:25;2026-09-25 03:07
124245660;14121;2026-10-13 12:50;2026-09-25 03:07
124245660;14121;2026-10-13 13:05;2026-09-25 03:07
124245660;14121;2026-10-14 14:50;2026-09-25 03:07
124245660;14121;2026-10-14 16:00;2026-09-25 03:07
124245660;14121;2026-10-14 16:15;2026-09-25 03:07
124245660;14121;2026-10-14 16:55;2026-09-25 03:07
124245660;14121;2026-10-14 17:25;2026-09-25 03:07
124245660;14121;2026-10-14 17:40;2026-09-25 03:07
124245660;14121;2026-10-14 18:05;2026-09-25 03:07
124245660;14121;2026-10-14 18:20;2026-09-25 03:07
124245660;14121;2026-10-14 18:45;2026-09-25 03:07
124245660;14121;2026-10-14 19:00;2026-09-25 03:07
124245660;14121;2026-10-14 19:15;2026-09-25 03:07
124245660;14121;2026-10-14 19:30;2026-09-25 03:07
124245660;14121;2026-10-15 07:15;2026-09-25 03:07
124245660;14121;2026-10-15 07:40;2026-09-25 03:07
124245660;14121;2026-10-15 07:55;2026-09-25 03:07
124245660;14121;2026-10-15 09:15;2026-09-25 03:07
124245660;14121;2026-10-15 09:30;2026-09-25 03:07
124245660;14121;2026-10-15 09:45;2026-09-25 03:07
124245660;14121;2026-10-15 10:45;2026-09-25 03:07
124245660;14121;2026-10-15 11:00;2026-09-25 03:07
124245660;14121;2026-10-15 11:40;2026-09-25 03:07
124245660;14121;2026-10-15 11:55;2026-09-25 03:07
124245660;14121;2026-10-15 12:20;2026-09-25 03:07
124245660;14121;2026-10-15 12:35;2026-09-25 03:07
124245660;14121;2026-10-15 12:50;2026-09-25 03:07
124245660;14121;2026-10-15 13:05;2026-09-25 03:07
124245660;14121;2026-10-16 16:35;2026-09-25 03:07
124245660;14121;2026-10-16 16:50;2026-09-25 03:07
124245660;14121;2026-10-16 17:15;2026-09-25 03:07
124245660;14121;2026-10-16 17:30;2026-09-25 03:07
124245660;14121;2026-10-16 17:45;2026-09-25 03:07
124245660;14121;2026-10-16 18:00;2026-09-25 03:07
124245660;14121;2026-10-16 18:15;2026-09-25 03:07
124245660;14121;2026-10-16 18:40;2026-09-25 03:07
124245660;14121;2026-10-16 19:05;2026-09-25 03:07
124245660;14121;2026-10-16 19:20;2026-09-25 03:07
124245660;14121;2026-10-19 07:55;2026-09-25 03:07
124245660;14121;2026-10-19 08:40;2026-09-25 03:07
124245660;14121;2026-10-19 09:45;2026-09-25 03:07
124245660;14121;2026-10-19 10:30;2026-09-25 03:07
124245660;14121;2026-10-20 14:25;2026-09-25 03:07
124245660;14121;2026-10-20 14:50;2026-09-25 03:07
124245660;14121;2026-10-20 16:00;2026-09-25 03:07
124245660;14121;2026-10-20 16:30;2026-09-25 03:07
124245660;14121;2026-10-20 17:25;2026-09-25 03:07
124245660;14121;2026-10-20 17:40;2026-09-25 03:07
124245660;14121;2026-10-20 18:05;2026-09-25 03:07
124245660;14121;2026-10-20 18:20;2026-09-25 03:07
124245660;14121;2026-10-20 18:45;2026-09-25 03:07
124245660;14121;2026-10-20 19:00;2026-09-25 03:07
124245660;14121;2026-10-20 19:15;2026-09-25 03:07
124245660;14121;2026-10-20 19:30;2026-09-25 03:07
124245660;14121;2026-10-21 07:15;2026-09-25 03:07
124245660;14121;2026-10-21 07:30;2026-09-25 03:07
124245660;14121;2026-10-21 07:45;2026-09-25 03:07
124245660;14121;2026-10-21 08:00;2026-09-25 03:07
124245660;14121;2026-10-21 08:25;2026-09-25 03:07
124245660;14121;2026-10-21 09:05;2026-09-25 03:07
124245660;14121;2026-10-21 09:20;2026-09-25 03:07
124245660;14121;2026-10-21 09:45;2026-09-25 03:07
124245660;14121;2026-10-21 10:45;2026-09-25 03:07
124245660;14121;2026-10-21 11:00;2026-09-25 03:07
124245660;14121;2026-10-21 11:15;2026-09-25 03:07
124245660;14121;2026-10-21 11:40;2026-09-25 03:07
124245660;14121;2026-10-21 11:55;2026-09-25 03:07
124245660;14121;2026-10-21 12:20;2026-09-25 03:07
124245660;14121;2026-10-21 12:35;2026-09-25 03:07
124245660;14121;2026-10-22 13:40;2026-09-25 03:07
124245660;14121;2026-10-22 14:20;2026-09-25 03:07
124245660;14121;2026-10-22 14:45;2026-09-25 03:07
124245660;14121;2026-10-22 15:00;2026-09-25 03:07
124245660;14121;2026-10-22 15:15;2026-09-25 03:07
124245660;14121;2026-10-22 16:00;2026-09-25 03:07
124245660;14121;2026-10-22 16:15;2026-09-25 03:07
124245660;14121;2026-10-22 16:55;2026-09-25 03:07
124245660;14121;2026-10-22 17:10;2026-09-25 03:07
124245660;14121;2026-10-22 17:25;2026-09-25 03:07
124245660;14121;2026-10-22 17:40;2026-09-25 03:07
124245660;14121;2026-10-22 18:05;2026-09-25 03:07
124245660;14121;2026-10-22 18:20;2026-09-25 03:07
124245660;14121;2026-10-22 18:45;2026-09-25 03:07
124245660;14121;2026-10-22 19:00;2026-09-25 03:07
124245660;14121;2026-10-22 19:15;2026-09-25 03:07
124245660;14121;2026-10-23 07:15;2026-09-25 03:07
124245660;14121;2026-10-23 07:30;2026-09-25 03:07
124245660;14121;2026-10-23 07:45;2026-09-25 03:07
124245660;14121;2026-10-23 08:55;2026-09-25 03:07
124245660;14121;2026-10-23 09:35;2026-09-25 03:07
124245660;14121;2026-10-23 10:30;2026-09-25 03:07
124245660;14121;2026-10-23 11:05;2026-09-25 03:07
124245660;14121;2026-10-23 11:35;2026-09-25 03:07
124245660;14121;2026-10-23 11:50;2026-09-25 03:07
124245660;14121;2026-10-23 12:15;2026-09-25 03:07
124245660;14121;2026-10-23 12:55;2026-09-25 03:07
124245660;13953;2026-09-25 14:50;2026-09-25 03:07
124245660;13953;2026-09-28 10:30;2026-09-25 03:07
124245660;13953;2026-09-29 14:50;2026-09-25 03:07
124245660;13953;2026-09-30 09:45;2026-09-25 03:07
124245660;13953;2026-10-01 14:45;2026-09-25 03:07
124245660;13953;2026-10-02 10:30;2026-09-25 03:07
124245660;13953;2026-10-05 14:50;2026-09-25 03:07
124245660;13953;2026-10-06 10:30;2026-09-25 03:07
124245660;13953;2026-10-07 14:50;2026-09-25 03:07
124245660;13953;2026-10-08 09:45;2026-09-25 03:07
124245660;13953;2026-10-08 12:35;2026-09-25 03:07
124245660;13953;2026-10-09 14:45;2026-09-25 03:07
124245660;13953;2026-10-09 16:35;2026-09-25 03:07
124245660;13953;2026-10-09 17:45;2026-09-25 03:07
124245660;13953;2026-10-09 18:15;2026-09-25 03:07
124245660;13953;2026-10-09 18:40;2026-09-25 03:07
124245660;13953;2026-10-09 19:05;2026-09-25 03:07
124245660;13953;2026-10-09 19:20;2026-09-25 03:07
124245660;13953;2026-10-12 07:30;2026-09-25 03:07
124245660;13953;2026-10-12 08:25;2026-09-25 03:07
124245660;13953;2026-10-12 09:05;2026-09-25 03:07
124245660;13953;2026-10-12 10:30;2026-09-25 03:07
124245660;13953;2026-10-12 11:15;2026-09-25 03:07
124245660;13953;2026-10-12 12:25;2026-09-25 03:07
124245660;13953;2026-10-12 12:40;2026-09-25 03:07
124245660;13953;2026-10-13 13:55;2026-09-25 03:07
124245660;13953;2026-10-13 14:25;2026-09-25 03:07
124245660;13953;2026-10-13 14:50;2026-09-25 03:07
124245660;13953;2026-10-13 16:00;2026-09-25 03:07
124245660;13953;2026-10-13 16:30;2026-09-25 03:07
124245660;13953;2026-10-13 16:55;2026-09-25 03:07
124245660;13953;2026-10-13 17:25;2026-09-25 03:07
124245660;13953;2026-10-13 17:40;2026-09-25 03:07
124245660;13953;2026-10-13 18:05;2026-09-25 03:07
124245660;13953;2026-10-13 18:20;2026-09-25 03:07
124245660;13953;2026-10-13 18:45;2026-09-25 03:07
124245660;13953;2026-10-13 19:00;2026-09-25 03:07
124245660;13953;2026-10-13 19:15;2026-09-25 03:07
124245660;13953;2026-10-13 19:30;2026-09-25 03:07
124245660;13953;2026-10-14 07:15;2026-09-25 03:07
124245660;13953;2026-10-14 07:30;2026-09-25 03:07
124245660;13953;2026-10-14 07:45;2026-09-25 03:07
124245660;13953;2026-10-14 08:00;2026-09-25 03:07
124245660;13953;2026-10-14 09:20;2026-09-25 03:07
124245660;13953;2026-10-14 09:45;2026-09-25 03:07
124245660;13953;2026-10-14 11:15;2026-09-25 03:07
124245660;13953;2026-10-14 11:40;2026-09-25 03:07
124245660;13953;2026-10-14 11:55;2026-09-25 03:07
124245660;13953;2026-10-14 12:20;2026-09-25 03:07
124245660;13953;2026-10-15 14:45;2026-09-25 03:07
124245660;13953;2026-10-15 15:15;2026-09-25 03:07
124245660;13953;2026-10-15 16:00;2026-09-25 03:07
124245660;13953;2026-10-15 16:15;2026-09-25 03:07
124245660;13953;2026-10-15 16:55;2026-09-25 03:07
124245660;13953;2026-10-15 17:25;2026-09-25 03:07
124245660;13953;2026-10-15 17:40;2026-09-25 03:07
124245660;13953;2026-10-15 18:05;2026-09-25 03:07
124245660;13953;2026-10-15 18:20;2026-09-25 03:07
124245660;13953;2026-10-15 18:45;2026-09-25 03:07
124245660;13953;2026-10-15 19:00;2026-09-25 03:07
124245660;13953;2026-10-15 19:15;2026-09-25 03:07
124245660;13953;2026-10-15 19:30;2026-09-25 03:07
124245660;13953;2026-10-16 07:30;2026-09-25 03:07
124245660;13953;2026-10-16 07:45;2026-09-25 03:07
124245660;13953;2026-10-16 10:30;2026-09-25 03:07
124245660;13953;2026-10-16 11:35;2026-09-25 03:07
124245660;13953;2026-10-16 12:40;2026-09-25 03:07
124245660;13953;2026-10-16 12:55;2026-09-25 03:07
124245660;13953;2026-10-19 14:35;2026-09-25 03:07
124245660;13953;2026-10-19 14:50;2026-09-25 03:07
124245660;13953;2026-10-19 16:30;2026-09-25 03:07
124245660;13953;2026-10-19 17:25;2026-09-25 03:07
124245660;13953;2026-10-19 18:05;2026-09-25 03:07
124245660;13953;2026-10-19 18:20;2026-09-25 03:07
124245660;13953;2026-10-19 18:45;2026-09-25 03:07
124245660;13953;2026-10-19 19:00;2026-09-25 03:07
124245660;13953;2026-10-19 19:15;2026-09-25 03:07
124245660;13953;2026-10-19 19:30;2026-09-25 03:07
124245660;13953;2026-10-20 07:30;2026-09-25 03:07
124245660;13953;2026-10-20 07:45;2026-09-25 03:07
124245660;13953;2026-10-20 08:00;2026-09-25 03:07
124245660;13953;2026-10-20 09:35;2026-09-25 03:07
124245660;13953;2026-10-20 10:30;2026-09-25 03:07
124245660;13953;2026-10-20 11:40;2026-09-25 03:07
124245660;13953;2026-10-20 11:55;2026-09-25 03:07
124245660;13953;2026-10-20 12:10;2026-09-25 03:07
124245660;13953;2026-10-20 12:25;2026-09-25 03:07
124245660;13953;2026-10-20 12:50;2026-09-25 03:07
124245660;13953;2026-10-21 14:50;2026-09-25 03:07
124245660;13953;2026-10-21 15:15;2026-09-25 03:07
124245660;13953;2026-10-21 16:00;2026-09-25 03:07
124245660;13953;2026-10-21 16:15;2026-09-25 03:07
124245660;13953;2026-10-21 16:55;2026-09-25 03:07
124245660;13953;2026-10-21 17:10;2026-09-25 03:07
124245660;13953;2026-10-21 17:25;2026-09-25 03:07
124245660;13953;2026-10-21 17:40;2026-09-25 03:07
124245660;13953;2026-10-21 18:05;2026-09-25 03:07
124245660;13953;2026-10-21 18:20;2026-09-25 03:07
124245660;13953;2026-10-21 18:45;2026-09-25 03:07
124245660;13953;2026-10-21 19:00;2026-09-25 03:07
124245660;13953;2026-10-21 19:15;2026-09-25 03:07
124245660;13953;2026-10-22 07:15;2026-09-25 03:07
124245660;13953;2026-10-22 07:40;2026-09-25 03:07
124245660;13953;2026-10-22 07:55;2026-09-25 03:07
124245660;13953;2026-10-22 08:20;2026-09-25 03:07
124245660;13953;2026-10-22 09:00;2026-09-25 03:07
124245660;13953;2026-10-22 09:15;2026-09-25 03:07
124245660;13953;2026-10-22 09:30;2026-09-25 03:07
124245660;13953;2026-10-22 09:45;2026-09-25 03:07
124245660;13953;2026-10-22 10:45;2026-09-25 03:07
124245660;13953;2026-10-22 11:00;2026-09-25 03:07
124245660;13953;2026-10-22 11:15;2026-09-25 03:07
124245660;13953;2026-10-22 11:40;2026-09-25 03:07
124245660;13953;2026-10-22 11:55;2026-09-25 03:07
124245660;13953;2026-10-22 12:20;2026-09-25 03:07
124245660;13953;2026-10-22 12:35;2026-09-25 03:07
124245660;13953;2026-10-22 12:50;2026-09-25 03:07
124245660;13953;2026-10-23 14:50;2026-09-25 03:07
124245660;13953;2026-10-23 19:10;2026-09-25 03:07
124245660;13562;2026-09-25 17:05;2026-09-25 03:07
124245660;13562;2026-09-29 15:20;2026-09-25 03:07
124245660;13562;2026-09-30 09:45;2026-09-25 03:07
124245660;13562;2026-10-01 15:15;2026-09-25 03:07
124245660;13562;2026-10-02 10:30;2026-09-25 03:07
124245660;13562;2026-10-09 17:05;2026-09-25 03:07
124245660;13562;2026-10-09 19:30;2026-09-25 03:07
124245660;13562;2026-10-12 10:30;2026-09-25 03:07
124245660;13562;2026-10-13 15:20;2026-09-25 03:07
124245660;13562;2026-10-14 09:45;2026-09-25 03:07
124245660;13562;2026-10-15 15:05;2026-09-25 03:07
124245660;13562;2026-10-16 10:30;2026-09-25 03:07
124245660;13562;2026-10-19 15:20;2026-09-25 03:07
124245660;13562;2026-10-20 10:30;2026-09-25 03:07
124245660;13562;2026-10-21 15:20;2026-09-25 03:07
124245660;13562;2026-10-22 09:45;2026-09-25 03:07
124245660;13562;2026-10-23 17:05;2026-09-25 03:07
124245660;13535;2026-09-25 16:35;2026-09-25 03:07
124245660;13535;2026-10-05 14:50;2026-09-25 03:07
124245660;13535;2026-10-06 10:30;2026-09-25 03:07
124245660;13535;2026-10-07 14:50;2026-09-25 03:07
124245660;13535;2026-10-08 09:45;2026-09-25 03:07
124245660;13535;2026-10-09 16:35;2026-09-25 03:07
124245660;13535;2026-10-09 18:40;2026-09-25 03:07
124245660;13535;2026-10-09 19:05;2026-09-25 03:07
124245660;13535;2026-10-12 07:15;2026-09-25 03:07
124245660;13535;2026-10-12 09:45;2026-09-25 03:07
124245660;13535;2026-10-12 10:30;2026-09-25 03:07
124245660;13535;2026-10-12 10:45;2026-09-25 03:07
124245660;13535;2026-10-12 11:15;2026-09-25 03:07
124245660;13535;2026-10-12 11:55;2026-09-25 03:07
124245660;13535;2026-10-12 12:25;2026-09-25 03:07
124245660;13535;2026-10-12 12:40;2026-09-25 03:07
124245660;13535;2026-10-13 13:55;2026-09-25 03:07
124245660;13535;2026-10-13 14:50;2026-09-25 03:07
124245660;13535;2026-10-13 15:05;2026-09-25 03:07
124245660;13535;2026-10-13 16:30;2026-09-25 03:07
124245660;13535;2026-10-13 17:25;2026-09-25 03:07
124245660;13535;2026-10-13 17:40;2026-09-25 03:07
124245660;13535;2026-10-13 18:05;2026-09-25 03:07
124245660;13535;2026-10-13 18:45;2026-09-25 03:07
124245660;13535;2026-10-13 19:00;2026-09-25 03:07
124245660;13535;2026-10-13 19:15;2026-09-25 03:07
124245660;13535;2026-10-13 19:30;2026-09-25 03:07
124245660;13535;2026-10-14 07:15;2026-09-25 03:07
124245660;13535;2026-10-14 07:30;2026-09-25 03:07
124245660;13535;2026-10-14 07:45;2026-09-25 03:07
124245660;13535;2026-10-14 08:25;2026-09-25 03:07
124245660;13535;2026-10-14 09:05;2026-09-25 03:07
124245660;13535;2026-10-14 09:20;2026-09-25 03:07
124245660;13535;2026-10-14 09:45;2026-09-25 03:07
124245660;13535;2026-10-14 10:45;2026-09-25 03:07
124245660;13535;2026-10-14 11:00;2026-09-25 03:07
124245660;13535;2026-10-14 11:40;2026-09-25 03:07
124245660;13535;2026-10-14 11:55;2026-09-25 03:07
124245660;13535;2026-10-14 12:20;2026-09-25 03:07
124245660;13535;2026-10-14 12:35;2026-09-25 03:07
124245660;13535;2026-10-15 13:40;2026-09-25 03:07
124245660;13535;2026-10-15 14:45;2026-09-25 03:07
124245660;13535;2026-10-15 15:00;2026-09-25 03:07
124245660;13535;2026-10-15 15:15;2026-09-25 03:07
124245660;13535;2026-10-15 16:00;2026-09-25 03:07
124245660;13535;2026-10-15 16:15;2026-09-25 03:07
124245660;13535;2026-10-15 16:55;2026-09-25 03:07
124245660;13535;2026-10-15 17:10;2026-09-25 03:07
124245660;13535;2026-10-15 17:25;2026-09-25 03:07
124245660;13535;2026-10-15 18:05;2026-09-25 03:07
124245660;13535;2026-10-15 18:20;2026-09-25 03:07
124245660;13535;2026-10-15 18:45;2026-09-25 03:07
124245660;13535;2026-10-15 19:00;2026-09-25 03:07
124245660;13535;2026-10-15 19:15;2026-09-25 03:07
124245660;13535;2026-10-15 19:30;2026-09-25 03:07
124245660;13535;2026-10-16 07:30;2026-09-25 03:07
124245660;13535;2026-10-16 07:45;2026-09-25 03:07
124245660;13535;2026-10-16 08:00;2026-09-25 03:07
124245660;13535;2026-10-16 08:25;2026-09-25 03:07
124245660;13535;2026-10-16 09:35;2026-09-25 03:07
124245660;13535;2026-10-16 10:30;2026-09-25 03:07
124245660;13535;2026-10-16 11:05;2026-09-25 03:07
124245660;13535;2026-10-16 11:35;2026-09-25 03:07
124245660;13535;2026-10-16 11:50;2026-09-25 03:07
124245660;13535;2026-10-16 12:15;2026-09-25 03:07
124245660;13535;2026-10-16 12:40;2026-09-25 03:07
124245660;13535;2026-10-16 12:55;2026-09-25 03:07
124245660;13535;2026-10-19 13:40;2026-09-25 03:07
124245660;13535;2026-10-19 13:55;2026-09-25 03:07
124245660;13535;2026-10-19 14:35;2026-09-25 03:07
124245660;13535;2026-10-19 14:50;2026-09-25 03:07
124245660;13535;2026-10-19 16:00;2026-09-25 03:07
124245660;13535;2026-10-19 16:30;2026-09-25 03:07
124245660;13535;2026-10-19 17:10;2026-09-25 03:07
124245660;13535;2026-10-19 17:25;2026-09-25 03:07
124245660;13535;2026-10-19 18:05;2026-09-25 03:07
124245660;13535;2026-10-19 18:20;2026-09-25 03:07
124245660;13535;2026-10-19 18:45;2026-09-25 03:07
124245660;13535;2026-10-19 19:00;2026-09-25 03:07
124245660;13535;2026-10-19 19:15;2026-09-25 03:07
124245660;13535;2026-10-19 19:30;2026-09-25 03:07
124245660;13535;2026-10-20 07:15;2026-09-25 03:07
124245660;13535;2026-10-20 07:30;2026-09-25 03:07
124245660;13535;2026-10-20 07:45;2026-09-25 03:07
124245660;13535;2026-10-20 08:00;2026-09-25 03:07
124245660;13535;2026-10-20 08:25;2026-09-25 03:07
124245660;13535;2026-10-20 09:05;2026-09-25 03:07
124245660;13535;2026-10-20 09:35;2026-09-25 03:07
124245660;13535;2026-10-20 10:30;2026-09-25 03:07
124245660;13535;2026-10-20 10:45;2026-09-25 03:07
124245660;13535;2026-10-20 11:15;2026-09-25 03:07
124245660;13535;2026-10-20 11:40;2026-09-25 03:07
124245660;13535;2026-10-20 11:55;2026-09-25 03:07
124245660;13535;2026-10-20 12:10;2026-09-25 03:07
124245660;13535;2026-10-20 12:25;2026-09-25 03:07
124245660;13535;2026-10-20 12:50;2026-09-25 03:07
124245660;13535;2026-10-20 13:05;2026-09-25 03:07
124245660;13535;2026-10-21 13:45;2026-09-25 03:07
124245660;13535;2026-10-21 14:50;2026-09-25 03:07
124245660;13535;2026-10-21 16:00;2026-09-25 03:07
124245660;13535;2026-10-21 17:00;2026-09-25 03:07
124245660;13535;2026-10-21 18:10;2026-09-25 03:07
124245660;13535;2026-10-21 18:30;2026-09-25 03:07
124245660;13535;2026-10-22 07:15;2026-09-25 03:07
124245660;13535;2026-10-22 07:40;2026-09-25 03:07
124245660;13535;2026-10-22 07:55;2026-09-25 03:07
124245660;13535;2026-10-22 09:00;2026-09-25 03:07
124245660;13535;2026-10-22 09:15;2026-09-25 03:07
124245660;13535;2026-10-22 09:30;2026-09-25 03:07
124245660;13535;2026-10-22 09:45;2026-09-25 03:07
124245660;13535;2026-10-22 10:45;2026-09-25 03:07
124245660;13535;2026-10-22 11:15;2026-09-25 03:07
124245660;13535;2026-10-22 11:40;2026-09-25 03:07
124245660;13535;2026-10-22 11:55;2026-09-25 03:07
124245660;13535;2026-10-22 12:20;2026-09-25 03:07
124245660;13535;2026-10-22 12:35;2026-09-25 03:07
124245660;13535;2026-10-22 12:50;2026-09-25 03:07
124245660;13535;2026-10-23 15:15;2026-09-25 03:07
124245660;13535;2026-10-23 16:35;2026-09-25 03:07
124245660;13535;2026-10-23 16:50;2026-09-25 03:07
124245660;13535;2026-10-23 17:15;2026-09-25 03:07
124245660;13535;2026-10-23 17:30;2026-09-25 03:07
124245660;13535;2026-10-23 17:45;2026-09-25 03:07
124245660;13535;2026-10-23 18:00;2026-09-25 03:07
124245660;13535;2026-10-23 18:15;2026-09-25 03:07
124245660;13535;2026-10-23 18:40;2026-09-25 03:07
124245660;13535;2026-10-23 19:05;2026-09-25 03:07
124245660;13535;2026-10-23 19:20;2026-09-25 03:07
124245660;13314;2026-10-02 10:30;2026-09-25 03:07
124245660;13314;2026-10-05 14:50;2026-09-25 03:07
124245660;13314;2026-10-06 10:30;2026-09-25 03:07
124245660;13314;2026-10-07 14:50;2026-09-25 03:07
124245660;13314;2026-10-08 09:45;2026-09-25 03:07
124245660;13314;2026-10-09 14:50;2026-09-25 03:07
124245660;13314;2026-10-12 10:30;2026-09-25 03:07
124245660;13314;2026-10-13 14:50;2026-09-25 03:07
124245660;13314;2026-10-14 07:45;2026-09-25 03:07
124245660;13314;2026-10-14 08:00;2026-09-25 03:07
124245660;13314;2026-10-14 08:25;2026-09-25 03:07
124245660;13314;2026-10-14 09:05;2026-09-25 03:07
124245660;13314;2026-10-14 09:45;2026-09-25 03:07
124245660;13314;2026-10-14 10:45;2026-09-25 03:07
124245660;13314;2026-10-14 11:00;2026-09-25 03:07
124245660;13314;2026-10-14 11:15;2026-09-25 03:07
124245660;13314;2026-10-14 11:40;2026-09-25 03:07
124245660;13314;2026-10-14 11:55;2026-09-25 03:07
124245660;13314;2026-10-14 12:20;2026-09-25 03:07
124245660;13314;2026-10-15 14:45;2026-09-25 03:07
124245660;13314;2026-10-15 16:00;2026-09-25 03:07
124245660;13314;2026-10-15 16:15;2026-09-25 03:07
124245660;13314;2026-10-15 16:55;2026-09-25 03:07
124245660;13314;2026-10-15 17:25;2026-09-25 03:07
124245660;13314;2026-10-15 17:40;2026-09-25 03:07
124245660;13314;2026-10-15 18:05;2026-09-25 03:07
124245660;13314;2026-10-15 18:20;2026-09-25 03:07
124245660;13314;2026-10-15 18:45;2026-09-25 03:07
124245660;13314;2026-10-15 19:00;2026-09-25 03:07
124245660;13314;2026-10-15 19:15;2026-09-25 03:07
124245660;13314;2026-10-15 19:30;2026-09-25 03:07
124245660;13314;2026-10-16 07:30;2026-09-25 03:07
124245660;13314;2026-10-16 07:45;2026-09-25 03:07
124245660;13314;2026-10-16 08:25;2026-09-25 03:07
124245660;13314;2026-10-16 09:35;2026-09-25 03:07
124245660;13314;2026-10-16 10:30;2026-09-25 03:07
124245660;13314;2026-10-16 11:05;2026-09-25 03:07
124245660;13314;2026-10-16 11:35;2026-09-25 03:07
124245660;13314;2026-10-16 11:50;2026-09-25 03:07
124245660;13314;2026-10-16 12:15;2026-09-25 03:07
124245660;13314;2026-10-16 12:40;2026-09-25 03:07
124245660;13314;2026-10-16 12:55;2026-09-25 03:07
124245660;13314;2026-10-19 13:40;2026-09-25 03:07
124245660;13314;2026-10-19 13:55;2026-09-25 03:07
124245660;13314;2026-10-19 14:35;2026-09-25 03:07
124245660;13314;2026-10-19 14:50;2026-09-25 03:07
124245660;13314;2026-10-19 16:00;2026-09-25 03:07
124245660;13314;2026-10-19 16:30;2026-09-25 03:07
124245660;13314;2026-10-19 17:10;2026-09-25 03:07
124245660;13314;2026-10-19 17:25;2026-09-25 03:07
124245660;13314;2026-10-19 18:05;2026-09-25 03:07
124245660;13314;2026-10-19 18:20;2026-09-25 03:07
124245660;13314;2026-10-19 18:45;2026-09-25 03:07
124245660;13314;2026-10-19 19:15;2026-09-25 03:07
124245660;13314;2026-10-19 19:30;2026-09-25 03:07
124245660;13314;2026-10-20 07:30;2026-09-25 03:07
124245660;13314;2026-10-20 07:45;2026-09-25 03:07
124245660;13314;2026-10-20 08:25;2026-09-25 03:07
124245660;13314;2026-10-20 09:05;2026-09-25 03:07
124245660;13314;2026-10-20 09:35;2026-09-25 03:07
124245660;13314;2026-10-20 10:30;2026-09-25 03:07
124245660;13314;2026-10-20 10:45;2026-09-25 03:07
124245660;13314;2026-10-20 11:15;2026-09-25 03:07
124245660;13314;2026-10-20 11:40;2026-09-25 03:07
124245660;13314;2026-10-20 12:25;2026-09-25 03:07
124245660;13314;2026-10-20 12:50;2026-09-25 03:07
124245660;13314;2026-10-20 13:05;2026-09-25 03:07
124245660;13314;2026-10-21 14:25;2026-09-25 03:07
124245660;13314;2026-10-21 14:50;2026-09-25 03:07
124245660;13314;2026-10-21 15:15;2026-09-25 03:07
124245660;13314;2026-10-21 16:00;2026-09-25 03:07
124245660;13314;2026-10-21 16:15;2026-09-25 03:07
124245660;13314;2026-10-21 16:55;2026-09-25 03:07
124245660;13314;2026-10-21 17:10;2026-09-25 03:07
124245660;13314;2026-10-21 17:25;2026-09-25 03:07
124245660;13314;2026-10-21 17:40;2026-09-25 03:07
124245660;13314;2026-10-21 18:05;2026-09-25 03:07
124245660;13314;2026-10-21 18:20;2026-09-25 03:07
124245660;13314;2026-10-21 18:45;2026-09-25 03:07
124245660;13314;2026-10-21 19:00;2026-09-25 03:07
124245660;13314;2026-10-21 19:15;2026-09-25 03:07
124245660;13314;2026-10-21 19:30;2026-09-25 03:07
124245660;13314;2026-10-22 07:40;2026-09-25 03:07
124245660;13314;2026-10-22 08:20;2026-09-25 03:07
124245660;13314;2026-10-22 09:00;2026-09-25 03:07
124245660;13314;2026-10-22 09:15;2026-09-25 03:07
124245660;13314;2026-10-22 09:30;2026-09-25 03:07
124245660;13314;2026-10-22 09:45;2026-09-25 03:07
124245660;13314;2026-10-22 10:45;2026-09-25 03:07
124245660;13314;2026-10-22 11:15;2026-09-25 03:07
124245660;13314;2026-10-22 11:55;2026-09-25 03:07
124245660;13314;2026-10-22 12:20;2026-09-25 03:07
124245660;13314;2026-10-22 12:35;2026-09-25 03:07
124245660;13314;2026-10-22 12:50;2026-09-25 03:07
124245660;13314;2026-10-22 13:05;2026-09-25 03:07
124245660;13314;2026-10-23 14:45;2026-09-25 03:07
124245660;13314;2026-10-23 15:15;2026-09-25 03:07
124245660;13314;2026-10-23 16:35;2026-09-25 03:07
124245660;13314;2026-10-23 16:50;2026-09-25 03:07
124245660;13314;2026-10-23 17:15;2026-09-25 03:07
124245660;13314;2026-10-23 17:30;2026-09-25 03:07
124245660;13314;2026-10-23 17:45;2026-09-25 03:07
124245660;13314;2026-10-23 18:00;2026-09-25 03:07
124245660;13314;2026-10-23 18:15;2026-09-25 03:07
124245660;13314;2026-10-23 18:40;2026-09-25 03:07
124245660;13314;2026-10-23 19:05;2026-09-25 03:07
124245660;13314;2026-10-23 19:20;2026-09-25 03:07
124245660;12514;2026-09-25 16:40;2026-09-25 03:07
124245660;12514;2026-10-19 09:37;2026-09-25 03:07
124245660;12514;2026-10-19 09:53;2026-09-25 03:07
124245660;12514;2026-10-19 10:09;2026-09-25 03:07
124245660;12514;2026-10-19 10:25;2026-09-25 03:07
124245660;12514;2026-10-19 10:41;2026-09-25 03:07
124245660;12514;2026-10-19 11:29;2026-09-25 03:07
124245660;12514;2026-10-20 15:37;2026-09-25 03:07
124245660;12514;2026-10-20 15:53;2026-09-25 03:07
124245660;12514;2026-10-20 16:25;2026-09-25 03:07
124245660;12514;2026-10-20 16:57;2026-09-25 03:07
124245660;12514;2026-10-20 17:13;2026-09-25 03:07
124245660;12514;2026-10-21 09:18;2026-09-25 03:07
124245660;12514;2026-10-21 09:34;2026-09-25 03:07
124245660;12514;2026-10-22 15:37;2026-09-25 03:07
124245660;12514;2026-10-22 15:53;2026-09-25 03:07
124245660;12514;2026-10-22 16:09;2026-09-25 03:07
124245660;12514;2026-10-22 16:25;2026-09-25 03:07
124245660;12514;2026-10-22 16:57;2026-09-25 03:07
124245660;12514;2026-10-22 17:13;2026-09-25 03:07
124245660;12514;2026-10-22 17:29;2026-09-25 03:07
124245660;12514;2026-10-23 15:53;2026-09-25 03:07
124245660;12514;2026-10-23 16:09;2026-09-25 03:07
124245660;12514;2026-10-23 16:25;2026-09-25 03:07
124245660;12514;2026-10-23 16:57;2026-09-25 03:07
124245660;12514;2026-10-23 17:13;2026-09-25 03:07
124245660;12505;2026-09-25 14:20;2026-09-25 03:07
124245660;12505;2026-09-25 16:35;2026-09-25 03:07
124245660;12505;2026-09-28 09:45;2026-09-25 03:07
124245660;12505;2026-09-29 14:50;2026-09-25 03:07
124245660;12505;2026-09-30 09:45;2026-09-25 03:07
124245660;12505;2026-10-01 14:45;2026-09-25 03:07
124245660;12505;2026-10-02 10:30;2026-09-25 03:07
124245660;12505;2026-10-05 14:50;2026-09-25 03:07
124245660;12505;2026-10-05 18:45;2026-09-25 03:07
124245660;12505;2026-10-05 19:15;2026-09-25 03:07
124245660;12505;2026-10-06 07:45;2026-09-25 03:07
124245660;12505;2026-10-06 08:00;2026-09-25 03:07
124245660;12505;2026-10-06 10:30;2026-09-25 03:07
124245660;12505;2026-10-06 10:45;2026-09-25 03:07
124245660;12505;2026-10-06 11:15;2026-09-25 03:07
124245660;12505;2026-10-06 11:40;2026-09-25 03:07
124245660;12505;2026-10-06 11:55;2026-09-25 03:07
124245660;12505;2026-10-06 12:10;2026-09-25 03:07
124245660;12505;2026-10-06 12:25;2026-09-25 03:07
124245660;12505;2026-10-06 12:50;2026-09-25 03:07
124245660;12505;2026-10-07 14:50;2026-09-25 03:07
124245660;12505;2026-10-07 16:00;2026-09-25 03:07
124245660;12505;2026-10-07 16:15;2026-09-25 03:07
124245660;12505;2026-10-07 16:55;2026-09-25 03:07
124245660;12505;2026-10-07 17:10;2026-09-25 03:07
124245660;12505;2026-10-07 17:25;2026-09-25 03:07
124245660;12505;2026-10-07 17:40;2026-09-25 03:07
124245660;12505;2026-10-07 18:05;2026-09-25 03:07
124245660;12505;2026-10-07 18:20;2026-09-25 03:07
124245660;12505;2026-10-07 18:45;2026-09-25 03:07
124245660;12505;2026-10-07 19:15;2026-09-25 03:07
124245660;12505;2026-10-07 19:30;2026-09-25 03:07
124245660;12505;2026-10-08 07:15;2026-09-25 03:07
124245660;12505;2026-10-08 07:40;2026-09-25 03:07
124245660;12505;2026-10-08 07:55;2026-09-25 03:07
124245660;12505;2026-10-08 08:20;2026-09-25 03:07
124245660;12505;2026-10-08 09:15;2026-09-25 03:07
124245660;12505;2026-10-08 09:30;2026-09-25 03:07
124245660;12505;2026-10-08 09:45;2026-09-25 03:07
124245660;12505;2026-10-08 10:45;2026-09-25 03:07
124245660;12505;2026-10-08 11:00;2026-09-25 03:07
124245660;12505;2026-10-08 11:15;2026-09-25 03:07
124245660;12505;2026-10-08 11:40;2026-09-25 03:07
124245660;12505;2026-10-08 11:55;2026-09-25 03:07
124245660;12505;2026-10-08 12:35;2026-09-25 03:07
124245660;12505;2026-10-08 12:50;2026-09-25 03:07
124245660;12505;2026-10-09 14:45;2026-09-25 03:07
124245660;12505;2026-10-09 16:35;2026-09-25 03:07
124245660;12505;2026-10-09 16:50;2026-09-25 03:07
124245660;12505;2026-10-09 17:15;2026-09-25 03:07
124245660;12505;2026-10-09 17:30;2026-09-25 03:07
124245660;12505;2026-10-09 17:45;2026-09-25 03:07
124245660;12505;2026-10-09 18:00;2026-09-25 03:07
124245660;12505;2026-10-09 18:15;2026-09-25 03:07
124245660;12505;2026-10-09 18:40;2026-09-25 03:07
124245660;12505;2026-10-09 19:20;2026-09-25 03:07
124245660;12505;2026-10-19 13:40;2026-09-25 03:07
124245660;12505;2026-10-19 13:55;2026-09-25 03:07
124245660;12505;2026-10-19 14:35;2026-09-25 03:07
124245660;12505;2026-10-19 14:50;2026-09-25 03:07
124245660;12505;2026-10-19 16:00;2026-09-25 03:07
124245660;12505;2026-10-19 16:30;2026-09-25 03:07
124245660;12505;2026-10-19 17:10;2026-09-25 03:07
124245660;12505;2026-10-19 17:25;2026-09-25 03:07
124245660;12505;2026-10-19 18:05;2026-09-25 03:07
124245660;12505;2026-10-19 18:20;2026-09-25 03:07
124245660;12505;2026-10-19 18:45;2026-09-25 03:07
124245660;12505;2026-10-19 19:15;2026-09-25 03:07
124245660;12505;2026-10-19 19:30;2026-09-25 03:07
124245660;12505;2026-10-20 07:15;2026-09-25 03:07
124245660;12505;2026-10-20 07:30;2026-09-25 03:07
124245660;12505;2026-10-20 07:45;2026-09-25 03:07
124245660;12505;2026-10-20 08:00;2026-09-25 03:07
124245660;12505;2026-10-20 08:25;2026-09-25 03:07
124245660;12505;2026-10-20 09:05;2026-09-25 03:07
124245660;12505;2026-10-20 10:30;2026-09-25 03:07
124245660;12505;2026-10-20 10:45;2026-09-25 03:07
124245660;12505;2026-10-20 11:15;2026-09-25 03:07
124245660;12505;2026-10-20 11:40;2026-09-25 03:07
124245660;12505;2026-10-20 11:55;2026-09-25 03:07
124245660;12505;2026-10-20 12:10;2026-09-25 03:07
124245660;12505;2026-10-20 12:25;2026-09-25 03:07
124245660;12505;2026-10-20 12:50;2026-09-25 03:07
124245660;12505;2026-10-21 14:25;2026-09-25 03:07
124245660;12505;2026-10-21 14:50;2026-09-25 03:07
124245660;12505;2026-10-21 15:15;2026-09-25 03:07
124245660;12505;2026-10-21 16:00;2026-09-25 03:07
124245660;12505;2026-10-21 16:15;2026-09-25 03:07
124245660;12505;2026-10-21 16:55;2026-09-25 03:07
124245660;12505;2026-10-21 17:10;2026-09-25 03:07
124245660;12505;2026-10-21 17:25;2026-09-25 03:07
124245660;12505;2026-10-21 18:05;2026-09-25 03:07
124245660;12505;2026-10-21 18:20;2026-09-25 03:07
124245660;12505;2026-10-21 18:45;2026-09-25 03:07
124245660;12505;2026-10-21 19:15;2026-09-25 03:07
124245660;12505;2026-10-21 19:30;2026-09-25 03:07
124245660;12505;2026-10-22 07:40;2026-09-25 03:07
124245660;12505;2026-10-22 07:55;2026-09-25 03:07
124245660;12505;2026-10-22 08:40;2026-09-25 03:07
124245660;12505;2026-10-22 09:00;2026-09-25 03:07
124245660;12505;2026-10-22 09:45;2026-09-25 03:07
124245660;12505;2026-10-22 10:30;2026-09-25 03:07
124245660;12505;2026-10-22 11:30;2026-09-25 03:07
124245660;12505;2026-10-22 12:40;2026-09-25 03:07
124245660;12505;2026-10-23 13:40;2026-09-25 03:07
124245660;12505;2026-10-23 14:20;2026-09-25 03:07
124245660;12505;2026-10-23 14:45;2026-09-25 03:07
124245660;12505;2026-10-23 15:15;2026-09-25 03:07
124245660;12505;2026-10-23 16:35;2026-09-25 03:07
124245660;12505;2026-10-23 16:50;2026-09-25 03:07
124245660;12505;2026-10-23 17:15;2026-09-25 03:07
124245660;12505;2026-10-23 17:30;2026-09-25 03:07
124245660;12505;2026-10-23 17:45;2026-09-25 03:07
124245660;12505;2026-10-23 18:00;2026-09-25 03:07
124245660;12505;2026-10-23 18:15;2026-09-25 03:07
124245660;12505;2026-10-23 18:40;2026-09-25 03:07
124245660;12505;2026-10-23 19:20;2026-09-25 03:07
124245660;12495;2026-09-25 16:35;2026-09-25 03:07
124245660;12495;2026-09-28 10:30;2026-09-25 03:07
124245660;12495;2026-09-29 14:50;2026-09-25 03:07
124245660;12495;2026-09-30 09:45;2026-09-25 03:07
124245660;12495;2026-10-01 14:45;2026-09-25 03:07
124245660;12495;2026-10-02 10:30;2026-09-25 03:07
124245660;12495;2026-10-05 14:50;2026-09-25 03:07
124245660;12495;2026-10-06 10:30;2026-09-25 03:07
124245660;12495;2026-10-07 14:50;2026-09-25 03:07
124245660;12495;2026-10-08 09:45;2026-09-25 03:07
124245660;12495;2026-10-09 16:35;2026-09-25 03:07
124245660;12495;2026-10-09 16:50;2026-09-25 03:07
124245660;12495;2026-10-09 17:15;2026-09-25 03:07
124245660;12495;2026-10-12 10:30;2026-09-25 03:07
124245660;12495;2026-10-13 14:50;2026-09-25 03:07
124245660;12495;2026-10-13 19:15;2026-09-25 03:07
124245660;12495;2026-10-13 19:30;2026-09-25 03:07
124245660;12495;2026-10-14 08:00;2026-09-25 03:07
124245660;12495;2026-10-14 08:25;2026-09-25 03:07
124245660;12495;2026-10-14 09:20;2026-09-25 03:07
124245660;12495;2026-10-14 09:45;2026-09-25 03:07
124245660;12495;2026-10-14 11:40;2026-09-25 03:07
124245660;12495;2026-10-14 11:55;2026-09-25 03:07
124245660;12495;2026-10-14 12:35;2026-09-25 03:07
124245660;12495;2026-10-15 14:45;2026-09-25 03:07
124245660;12495;2026-10-15 15:15;2026-09-25 03:07
124245660;12495;2026-10-15 16:00;2026-09-25 03:07
124245660;12495;2026-10-15 16:15;2026-09-25 03:07
124245660;12495;2026-10-15 17:10;2026-09-25 03:07
124245660;12495;2026-10-15 17:25;2026-09-25 03:07
124245660;12495;2026-10-15 17:40;2026-09-25 03:07
124245660;12495;2026-10-15 18:05;2026-09-25 03:07
124245660;12495;2026-10-15 18:20;2026-09-25 03:07
124245660;12495;2026-10-15 18:45;2026-09-25 03:07
124245660;12495;2026-10-15 19:00;2026-09-25 03:07
124245660;12495;2026-10-15 19:15;2026-09-25 03:07
124245660;12495;2026-10-15 19:30;2026-09-25 03:07
124245660;12495;2026-10-16 07:15;2026-09-25 03:07
124245660;12495;2026-10-16 07:30;2026-09-25 03:07
124245660;12495;2026-10-16 07:45;2026-09-25 03:07
124245660;12495;2026-10-16 08:25;2026-09-25 03:07
124245660;12495;2026-10-16 10:30;2026-09-25 03:07
124245660;12495;2026-10-16 11:05;2026-09-25 03:07
124245660;12495;2026-10-16 12:15;2026-09-25 03:07
124245660;12495;2026-10-16 12:40;2026-09-25 03:07
124245660;12495;2026-10-16 12:55;2026-09-25 03:07
124245660;12495;2026-10-19 13:40;2026-09-25 03:07
124245660;12495;2026-10-19 14:50;2026-09-25 03:07
124245660;12495;2026-10-19 16:00;2026-09-25 03:07
124245660;12495;2026-10-19 16:30;2026-09-25 03:07
124245660;12495;2026-10-19 17:25;2026-09-25 03:07
124245660;12495;2026-10-19 18:05;2026-09-25 03:07
124245660;12495;2026-10-19 18:20;2026-09-25 03:07
124245660;12495;2026-10-19 18:45;2026-09-25 03:07
124245660;12495;2026-10-19 19:00;2026-09-25 03:07
124245660;12495;2026-10-19 19:15;2026-09-25 03:07
124245660;12495;2026-10-19 19:30;2026-09-25 03:07
124245660;12495;2026-10-20 07:30;2026-09-25 03:07
124245660;12495;2026-10-20 07:45;2026-09-25 03:07
124245660;12495;2026-10-20 08:00;2026-09-25 03:07
124245660;12495;2026-10-20 08:25;2026-09-25 03:07
124245660;12495;2026-10-20 09:05;2026-09-25 03:07
124245660;12495;2026-10-20 09:35;2026-09-25 03:07
124245660;12495;2026-10-20 10:30;2026-09-25 03:07
124245660;12495;2026-10-20 10:45;2026-09-25 03:07
124245660;12495;2026-10-20 11:15;2026-09-25 03:07
124245660;12495;2026-10-20 11:40;2026-09-25 03:07
124245660;12495;2026-10-20 11:55;2026-09-25 03:07
124245660;12495;2026-10-20 12:10;2026-09-25 03:07
124245660;12495;2026-10-20 12:25;2026-09-25 03:07
124245660;12495;2026-10-20 12:50;2026-09-25 03:07
124245660;12495;2026-10-20 13:05;2026-09-25 03:07
124245660;12495;2026-10-21 14:25;2026-09-25 03:07
124245660;12495;2026-10-21 14:50;2026-09-25 03:07
124245660;12495;2026-10-21 15:15;2026-09-25 03:07
124245660;12495;2026-10-21 16:00;2026-09-25 03:07
124245660;12495;2026-10-21 16:15;2026-09-25 03:07
124245660;12495;2026-10-21 16:55;2026-09-25 03:07
124245660;12495;2026-10-21 17:10;2026-09-25 03:07
124245660;12495;2026-10-21 17:25;2026-09-25 03:07
124245660;12495;2026-10-21 17:40;2026-09-25 03:07
124245660;12495;2026-10-21 18:05;2026-09-25 03:07
124245660;12495;2026-10-21 18:20;2026-09-25 03:07
124245660;12495;2026-10-21 18:45;2026-09-25 03:07
124245660;12495;2026-10-21 19:00;2026-09-25 03:07
124245660;12495;2026-10-21 19:15;2026-09-25 03:07
124245660;12495;2026-10-21 19:30;2026-09-25 03:07
124245660;12495;2026-10-22 07:15;2026-09-25 03:07
124245660;12495;2026-10-22 07:40;2026-09-25 03:07
124245660;12495;2026-10-22 07:55;2026-09-25 03:07
124245660;12495;2026-10-22 08:20;2026-09-25 03:07
124245660;12495;2026-10-22 09:00;2026-09-25 03:07
124245660;12495;2026-10-22 09:15;2026-09-25 03:07
124245660;12495;2026-10-22 09:30;2026-09-25 03:07
124245660;12495;2026-10-22 09:45;2026-09-25 03:07
124245660;12495;2026-10-22 11:00;2026-09-25 03:07
124245660;12495;2026-10-22 11:15;2026-09-25 03:07
124245660;12495;2026-10-22 11:40;2026-09-25 03:07
124245660;12495;2026-10-22 11:55;2026-09-25 03:07
124245660;12495;2026-10-22 12:20;2026-09-25 03:07
124245660;12495;2026-10-22 12:35;2026-09-25 03:07
124245660;12495;2026-10-22 12:50;2026-09-25 03:07
124245660;12495;2026-10-22 13:05;2026-09-25 03:07
124245660;12495;2026-10-23 13:40;2026-09-25 03:07
124245660;12495;2026-10-23 14:20;2026-09-25 03:07
124245660;12495;2026-10-23 14:45;2026-09-25 03:07
124245660;12495;2026-10-23 15:15;2026-09-25 03:07
124245660;12495;2026-10-23 16:35;2026-09-25 03:07
124245660;12495;2026-10-23 17:15;2026-09-25 03:07
124245660;12495;2026-10-23 17:30;2026-09-25 03:07
124245660;12495;2026-10-23 17:45;2026-09-25 03:07
124245660;12495;2026-10-23 18:00;2026-09-25 03:07
124245660;12495;2026-10-23 18:15;2026-09-25 03:07
124245660;12495;2026-10-23 18:40;2026-09-25 03:07
124245660;12495;2026-10-23 19:20;2026-09-25 03:07
124245660;119686;2026-09-25 16:05;2026-09-25 03:07
124245660;119686;2026-09-28 07:31;2026-09-25 03:07
124245660;119686;2026-09-28 07:47;2026-09-25 03:07
124245660;119686;2026-09-28 08:03;2026-09-25 03:07
124245660;119686;2026-09-28 08:19;2026-09-25 03:07
124245660;119686;2026-09-28 08:35;2026-09-25 03:07
124245660;119686;2026-09-28 08:51;2026-09-25 03:07
124245660;119686;2026-09-28 09:07;2026-09-25 03:07
124245660;119686;2026-09-28 09:23;2026-09-25 03:07
124245660;119686;2026-09-29 14:49;2026-09-25 03:07
124245660;119686;2026-09-29 16:05;2026-09-25 03:07
124245660;119686;2026-09-29 19:01;2026-09-25 03:07
124245660;119686;2026-09-29 19:17;2026-09-25 03:07
124245660;119686;2026-09-29 19:33;2026-09-25 03:07
124245660;119686;2026-09-30 07:43;2026-09-25 03:07
124245660;119686;2026-09-30 07:59;2026-09-25 03:07
124245660;119686;2026-09-30 08:15;2026-09-25 03:07
124245660;119686;2026-09-30 09:02;2026-09-25 03:07
124245660;119686;2026-10-01 16:37;2026-09-25 03:07
124245660;119686;2026-10-01 18:45;2026-09-25 03:07
124245660;119686;2026-10-01 19:01;2026-09-25 03:07
124245660;119686;2026-10-01 19:17;2026-09-25 03:07
124245660;119686;2026-10-02 08:03;2026-09-25 03:07
124245660;119686;2026-10-02 08:19;2026-09-25 03:07
124245660;119686;2026-10-02 08:35;2026-09-25 03:07
124245660;119686;2026-10-02 11:27;2026-09-25 03:07
124245660;119686;2026-10-02 12:47;2026-09-25 03:07
124245660;119686;2026-10-12 07:47;2026-09-25 03:07
124245660;119686;2026-10-12 08:03;2026-09-25 03:07
124245660;119686;2026-10-12 08:19;2026-09-25 03:07
124245660;119686;2026-10-12 08:35;2026-09-25 03:07
124245660;119686;2026-10-12 11:59;2026-09-25 03:07
124245660;119686;2026-10-13 14:33;2026-09-25 03:07
124245660;119686;2026-10-13 16:37;2026-09-25 03:07
124245660;119686;2026-10-13 16:53;2026-09-25 03:07
124245660;119686;2026-10-13 17:09;2026-09-25 03:07
124245660;119686;2026-10-13 17:25;2026-09-25 03:07
124245660;119686;2026-10-13 17:41;2026-09-25 03:07
124245660;119686;2026-10-13 18:13;2026-09-25 03:07
124245660;119686;2026-10-13 18:45;2026-09-25 03:07
124245660;119686;2026-10-13 19:01;2026-09-25 03:07
124245660;119686;2026-10-13 19:17;2026-09-25 03:07
124245660;119686;2026-10-14 07:30;2026-09-25 03:07
124245660;119686;2026-10-14 07:46;2026-09-25 03:07
124245660;119686;2026-10-14 08:02;2026-09-25 03:07
124245660;119686;2026-10-14 08:18;2026-09-25 03:07
124245660;119686;2026-10-14 08:34;2026-09-25 03:07
124245660;119686;2026-10-15 16:37;2026-09-25 03:07
124245660;119686;2026-10-15 16:53;2026-09-25 03:07
124245660;119686;2026-10-15 17:25;2026-09-25 03:07
124245660;119686;2026-10-15 17:57;2026-09-25 03:07
124245660;119686;2026-10-15 18:13;2026-09-25 03:07
124245660;119686;2026-10-15 18:45;2026-09-25 03:07
124245660;119686;2026-10-15 19:01;2026-09-25 03:07
124245660;119686;2026-10-15 19:17;2026-09-25 03:07
124245660;119686;2026-10-16 07:47;2026-09-25 03:07
124245660;119686;2026-10-16 08:03;2026-09-25 03:07
124245660;119686;2026-10-16 08:19;2026-09-25 03:07
124245660;119686;2026-10-16 08:35;2026-09-25 03:07
124245660;119686;2026-10-16 08:51;2026-09-25 03:07
124245660;119686;2026-10-16 09:07;2026-09-25 03:07
124245660;119686;2026-10-16 09:23;2026-09-25 03:07
124245660;119686;2026-10-16 11:27;2026-09-25 03:07
124245660;119686;2026-10-16 11:59;2026-09-25 03:07
124245660;119686;2026-10-16 12:15;2026-09-25 03:07
124245660;119686;2026-10-16 12:31;2026-09-25 03:07
124245660;119686;2026-10-16 12:47;2026-09-25 03:07
124245660;119686;2026-10-19 14:17;2026-09-25 03:07
124245660;119686;2026-10-19 14:33;2026-09-25 03:07
124245660;119686;2026-10-19 17:09;2026-09-25 03:07
124245660;119686;2026-10-19 17:25;2026-09-25 03:07
124245660;119686;2026-10-19 17:41;2026-09-25 03:07
124245660;119686;2026-10-19 17:57;2026-09-25 03:07
124245660;119686;2026-10-19 18:13;2026-09-25 03:07
124245660;119686;2026-10-19 18:29;2026-09-25 03:07
124245660;119686;2026-10-19 18:45;2026-09-25 03:07
124245660;119686;2026-10-19 19:01;2026-09-25 03:07
124245660;119686;2026-10-19 19:17;2026-09-25 03:07
124245660;119686;2026-10-20 07:47;2026-09-25 03:07
124245660;119686;2026-10-20 08:03;2026-09-25 03:07
124245660;119686;2026-10-20 08:19;2026-09-25 03:07
124245660;119686;2026-10-20 08:35;2026-09-25 03:07
124245660;119686;2026-10-20 08:51;2026-09-25 03:07
124245660;119686;2026-10-20 09:07;2026-09-25 03:07
124245660;119686;2026-10-20 09:23;2026-09-25 03:07
124245660;119686;2026-10-20 11:27;2026-09-25 03:07
124245660;119686;2026-10-20 12:15;2026-09-25 03:07
124245660;119686;2026-10-20 12:31;2026-09-25 03:07
124245660;119686;2026-10-20 12:47;2026-09-25 03:07
124245660;119686;2026-10-21 16:10;2026-09-25 03:07
124245660;119686;2026-10-21 16:30;2026-09-25 03:07
124245660;119686;2026-10-21 17:35;2026-09-25 03:07
124245660;119686;2026-10-21 18:36;2026-09-25 03:07
124245660;119686;2026-10-21 18:52;2026-09-25 03:07
124245660;119686;2026-10-21 19:08;2026-09-25 03:07
124245660;119686;2026-10-21 19:24;2026-09-25 03:07
124245660;119686;2026-10-22 07:47;2026-09-25 03:07
124245660;119686;2026-10-22 08:03;2026-09-25 03:07
124245660;119686;2026-10-22 08:19;2026-09-25 03:07
124245660;119686;2026-10-22 08:35;2026-09-25 03:07
124245660;119686;2026-10-22 08:51;2026-09-25 03:07
124245660;119686;2026-10-22 09:07;2026-09-25 03:07
124245660;119686;2026-10-22 09:23;2026-09-25 03:07
124245660;119686;2026-10-22 11:27;2026-09-25 03:07
124245660;119686;2026-10-22 11:43;2026-09-25 03:07
124245660;119686;2026-10-22 12:31;2026-09-25 03:07
124245660;119686;2026-10-23 16:37;2026-09-25 03:07
124245660;119686;2026-10-23 17:41;2026-09-25 03:07
124245660;119686;2026-10-23 17:57;2026-09-25 03:07
124245660;119686;2026-10-23 18:13;2026-09-25 03:07
124245660;119686;2026-10-23 18:29;2026-09-25 03:07
124245660;119686;2026-10-23 18:45;2026-09-25 03:07
124245660;119686;2026-10-23 19:01;2026-09-25 03:07
124245660;119686;2026-10-23 19:17;2026-09-25 03:07
124245660;10295;2026-09-28 10:30;2026-09-25 03:07
124245660;10295;2026-09-29 14:50;2026-09-25 03:07
124245660;10295;2026-09-30 09:45;2026-09-25 03:07
124245660;10295;2026-10-01 14:45;2026-09-25 03:07
124245660;10295;2026-10-02 10:30;2026-09-25 03:07
124245660;10295;2026-10-05 14:50;2026-09-25 03:07
124245660;10295;2026-10-06 10:30;2026-09-25 03:07
124245660;10295;2026-10-07 14:50;2026-09-25 03:07
124245660;10295;2026-10-08 09:45;2026-09-25 03:07
124245660;10295;2026-10-12 10:30;2026-09-25 03:07
124245660;10295;2026-10-13 14:50;2026-09-25 03:07
124245660;10295;2026-10-14 09:45;2026-09-25 03:07
124245660;10295;2026-10-15 14:45;2026-09-25 03:07
124245660;10295;2026-10-16 10:30;2026-09-25 03:07
124245660;10295;2026-10-19 14:50;2026-09-25 03:07
124245660;10295;2026-10-20 10:30;2026-09-25 03:07
124245660;10295;2026-10-21 14:50;2026-09-25 03:07
124245660;10295;2026-10-22 09:45;2026-09-25 03:07
124245660;10295;2026-10-23 16:35;2026-09-25 03:07
124245660;10272;2026-09-29 10:30;2026-09-25 03:07
124245660;10272;2026-09-30 14:50;2026-09-25 03:07
124245660;10272;2026-10-01 09:45;2026-09-25 03:07
124245660;10272;2026-10-12 14:50;2026-09-25 03:07
124245660;10272;2026-10-13 10:30;2026-09-25 03:07
124245660;10272;2026-10-14 14:50;2026-09-25 03:07
124245660;10272;2026-10-15 09:45;2026-09-25 03:07
124245660;10272;2026-10-16 16:35;2026-09-25 03:07
124245660;10272;2026-10-19 10:30;2026-09-25 03:07
124245660;10272;2026-10-20 14:50;2026-09-25 03:07
124245660;10272;2026-10-21 09:45;2026-09-25 03:07
124245660;10272;2026-10-22 14:50;2026-09-25 03:07
124245660;10272;2026-10-23 07:30;2026-09-25 03:07
124245660;10272;2026-10-23 07:45;2026-09-25 03:07
124245660;10272;2026-10-23 10:30;2026-09-25 03:07
